0,0,0,0,0,0,0,0,0,0,0,0,0,0,0,0,0,0,0,0,0,0,0,0,0,0,0,0,0,0,0,0,0,0,0,0,0,0,0,0,0,0,0,0,0,0,0,0,0,0,0,0,0,0,0,0,0,0,0,0,0,0,0,0
0,0,0,0,0,0,0,0,0,0,0,0,0,0,0,0,0,0,0,0,0,0,0,0,0,0,0,0,0,0,0,0,0,0,0,0,0,0,0,0,0,0,0,0,0,0,0,0,0,0,0,0,0,0,0,0,0,0,0,0,0,0,0,0
0,0,0,0,0,0,0,0,0,-2.08245e-11,0,-2.08245e-11,0,0,0,0,0,0,0,0,0,0,0,0,0,0,0,0,0,0,0,0,0,0,0,0,0,0,0,0,0,0,0,0,0,-1.04122e-11,0,-1.04122e-11,0,0,0,0,0,0,0,0,0,0,0,0,0,0,0,0
0,0,0,0,0,0,-4.85903e-15,-1.13378e-14,-4.85905e-15,-0.000224258,4.85905e-15,-0.000224258,4.85903e-15,-1.13378e-14,0,0,0,0,0,0,0,0,0,0,0,0,0,0,0,0,0,0,0,0,0,0,0,0,0,0,0,0,4.85903e-15,-5.66889e-15,4.85905e-15,-0.000112129,-4.85905e-15,-0.000112129,-4.85903e-15,-5.66889e-15,0,0,0,0,2.42951e-15,0,2.42953e-15,-1.24947e-14,-2.42953e-15,-1.24947e-14,-2.42951e-15,0,0,0
0,0,0,0,-1.05818e-17,-3.90519e-18,-5.23267e-08,-1.22096e-07,-5.23269e-08,-0.000910023,5.23269e-08,-0.000910023,5.23267e-08,-1.22096e-07,1.05818e-17,-3.90519e-18,0,0,0,0,0,0,0,0,0,-1.13377e-18,-7.77445e-18,-1.13378e-18,-7.77449e-18,-2.77197e-17,7.77449e-18,-2.77197e-17,7.77445e-18,-1.13378e-18,0,-1.13377e-18,0,0,0,0,1.05818e-17,-1.38571e-18,5.23267e-08,-6.10481e-08,5.23269e-08,-0.000455146,-5.23269e-08,-0.000455146,-5.23267e-08,-6.10481e-08,-1.05818e-17,-1.38571e-18,5.2909e-18,-1.13377e-18,2.61633e-08,-1.47391e-17,2.61635e-08,-1.34555e-07,-2.61635e-08,-1.34555e-07,-2.61633e-08,-1.47391e-17,-5.2909e-18,-1.13377e-18
0,0,0,0,-1.13955e-10,-4.20548e-11,-3.16885e-07,-7.39347e-07,-3.16773e-07,-0.00230043,3.16773e-07,-0.00230043,3.16885e-07,-7.39347e-07,1.13955e-10,-4.20548e-11,0,0,0,0,0,0,0,0,-2.38091e-20,-1.22095e-11,-8.37227e-11,-1.22096e-11,-8.37231e-11,-2.98512e-10,8.37231e-11,-2.98512e-10,8.37227e-11,-1.22096e-11,2.38091e-20,-1.22095e-11,0,0,0,0,1.13955e-10,-1.49226e-11,3.16823e-07,-3.69814e-07,3.1671e-07,-0.00115103,-3.1671e-07,-0.00115103,-3.16823e-07,-3.69814e-07,-1.13955e-10,-1.49226e-11,5.69775e-11,-1.22095e-11,1.58485e-07,-1.58725e-10,1.58428e-07,-8.14864e-07,-1.58428e-07,-8.14864e-07,-1.58485e-07,-1.58725e-10,-5.69775e-11,-1.22095e-11
0,0,0,0,-9.17509e-10,-3.38678e-10,-1.11757e-06,-2.60722e-06,-1.11665e-06,-0.0046366,1.11665e-06,-0.0046366,1.11757e-06,-2.60722e-06,9.17509e-10,-3.38677e-10,0,0,0,0,0,0,0,0,-2.56399e-13,-9.83717e-11,-6.74293e-10,-9.88332e-11,-6.74045e-10,-2.40393e-09,6.74045e-10,-2.40393e-09,6.74293e-10,-9.88332e-11,2.56399e-13,-9.83717e-11,0,0,0,0,9.17372e-10,-1.2028e-10,1.11706e-06,-1.30474e-06,1.11615e-06,-0.00232117,-1.11615e-06,-0.00232117,-1.11706e-06,-1.30474e-06,-9.17372e-10,-1.2028e-10,4.58911e-10,-9.8401e-11,5.5912e-07,-1.2782e-09,5.58664e-07,-2.87386e-06,-5.58664e-07,-2.87386e-06,-5.5912e-07,-1.2782e-09,-4.58911e-10,-9.8401e-11
0,0,0,0,-4.15081e-09,-1.53258e-09,-2.99785e-06,-6.99298e-06,-2.99371e-06,-0.00814928,2.99371e-06,-0.00814928,2.99785e-06,-6.99298e-06,4.15081e-09,-1.53258e-09,0,0,0,0,0,0,0,0,-2.57671e-12,-4.45403e-10,-3.05161e-09,-4.50037e-10,-3.0491e-09,-1.0878e-08,3.0491e-09,-1.0878e-08,3.05161e-09,-4.50037e-10,2.57671e-12,-4.45403e-10,0,0,0,0,4.14944e-09,-5.44867e-10,2.99556e-06,-3.50161e-06,2.99142e-06,-0.00408234,-2.99142e-06,-0.00408234,-2.99556e-06,-3.50161e-06,-4.14944e-09,-5.44867e-10,2.07698e-09,-4.45697e-10,1.50045e-06,-5.78379e-09,1.49838e-06,-7.70929e-06,-1.49838e-06,-7.70929e-06,-1.50045e-06,-5.78379e-09,-2.07698e-09,-4.45697e-10
0,0,0,0,-1.38944e-08,-5.13178e-09,-6.77352e-06,-1.57982e-05,-6.75967e-06,-0.0130504,6.75967e-06,-0.0130504,6.77352e-06,-1.57982e-05,1.38944e-08,-5.13178e-09,0,0,0,0,0,0,0,0,-1.42315e-11,-1.4924e-09,-1.02193e-08,-1.51799e-09,-1.02054e-08,-3.64231e-08,1.02054e-08,-3.64231e-08,1.02193e-08,-1.51799e-09,1.42315e-11,-1.4924e-09,0,0,0,0,1.38868e-08,-1.82674e-09,6.76586e-06,-7.91622e-06,6.75202e-06,-0.00654259,-6.75202e-06,-0.00654259,-6.76586e-06,-7.91622e-06,-1.38868e-08,-1.82674e-09,6.9559e-09,-1.49402e-09,3.39187e-06,-1.93655e-08,3.38493e-06,-1.74195e-05,-3.38493e-06,-1.74195e-05,-3.39187e-06,-1.93655e-08,-6.9559e-09,-1.49402e-09
0,0,0,0,-3.8328e-08,-1.41612e-08,-1.35805e-05,-3.16694e-05,-1.35423e-05,-0.0195248,1.35423e-05,-0.0195248,1.35805e-05,-3.16694e-05,3.8328e-08,-1.41612e-08,0,0,0,0,0,0,0,0,-5.71216e-11,-4.12147e-09,-2.8204e-08,-4.22415e-09,-2.81483e-08,-1.00506e-07,2.81483e-08,-1.00506e-07,2.8204e-08,-4.22415e-09,5.71216e-11,-4.12147e-09,0,0,0,0,3.82975e-08,-5.04816e-09,1.35594e-05,-1.58819e-05,1.35212e-05,-0.00979728,-1.35212e-05,-0.00979728,-1.35594e-05,-1.58819e-05,-3.82975e-08,-5.04816e-09,1.91988e-08,-4.12798e-09,6.80433e-06,-5.34356e-08,6.78519e-06,-3.49263e-05,-6.78519e-06,-3.49263e-05,-6.80433e-06,-5.34356e-08,-1.91988e-08,-4.12798e-09
0,0,0,0,-9.21678e-08,-3.40677e-08,-2.49157e-05,-5.80921e-05,-2.48237e-05,-0.027723,2.48237e-05,-0.027723,2.49157e-05,-5.80921e-05,9.21678e-08,-3.40677e-08,0,0,0,0,0,0,0,0,-1.86141e-10,-9.92372e-09,-6.78605e-08,-1.02582e-08,-6.7679e-08,-2.41777e-07,6.76791e-08,-2.41777e-07,6.78605e-08,-1.02582e-08,1.86141e-10,-9.92372e-09,0,0,0,0,9.20685e-08,-1.21642e-08,2.48648e-05,-2.91596e-05,2.4773e-05,-0.0139255,-2.4773e-05,-0.0139255,-2.48648e-05,-2.91596e-05,-9.20685e-08,-1.21642e-08,4.61975e-08,-9.94489e-09,1.24917e-05,-1.2854e-07,1.24456e-05,-6.4081e-05,-1.24456e-05,-6.4081e-05,-1.24917e-05,-1.2854e-07,-4.61975e-08,-9.94489e-09
0,0,0,0,-1.99862e-07,-7.39085e-08,-4.26688e-05,-9.94643e-05,-4.24696e-05,-0.0377548,4.24696e-05,-0.0377548,4.26688e-05,-9.94643e-05,1.99862e-07,-7.39085e-08,0,0,0,0,0,0,0,0,-5.22185e-10,-2.15502e-08,-1.47245e-07,-2.24885e-08,-1.46736e-07,-5.24498e-07,1.46736e-07,-5.24498e-07,1.47245e-07,-2.24885e-08,5.22185e-10,-2.15502e-08,0,0,0,0,1.99584e-07,-2.64379e-08,4.25585e-05,-4.99785e-05,4.23595e-05,-0.0189869,-4.23595e-05,-0.0189869,-4.25585e-05,-4.99785e-05,-1.99584e-07,-2.64379e-08,1.00249e-07,-2.16095e-08,2.14078e-05,-2.78837e-07,2.13079e-05,-0.000109746,-2.13079e-05,-0.000109746,-2.14078e-05,-2.78837e-07,-1.0025e-07,-2.16095e-08
0,0,0,0,-3.99599e-07,-1.47847e-07,-6.91447e-05,-0.000161145,-6.87464e-05,-0.049684,6.87464e-05,-0.049684,6.91447e-05,-0.000161145,3.99599e-07,-1.47847e-07,0,0,0,0,0,0,0,0,-1.30693e-09,-4.3156e-08,-2.94602e-07,-4.55036e-08,-2.93328e-07,-1.04914e-06,2.93328e-07,-1.04914e-06,2.94602e-07,-4.55036e-08,1.30693e-09,-4.3156e-08,0,0,0,0,3.98902e-07,-5.2993e-08,6.89239e-05,-8.10653e-05,6.85263e-05,-0.0250194,-6.85263e-05,-0.0250194,-6.89239e-05,-8.10653e-05,-3.98902e-07,-5.2993e-08,2.00596e-07,-4.33041e-08,3.47191e-05,-5.57728e-07,3.45192e-05,-0.000177854,-3.45192e-05,-0.000177854,-3.47191e-05,-5.57728e-07,-2.00596e-07,-4.33041e-08
0,0,0,0,-7.48157e-07,-2.76965e-07,-0.000107073,-0.000249477,-0.000106327,-0.0635256,0.000106327,-0.0635256,0.000107073,-0.000249477,7.48157e-07,-2.76965e-07,0,0,0,0,0,0,0,0,-2.98828e-09,-8.09421e-08,-5.51996e-07,-8.63085e-08,-5.49083e-07,-1.96526e-06,5.49083e-07,-1.96526e-06,5.51996e-07,-8.63085e-08,2.98828e-09,-8.09421e-08,0,0,0,0,7.46563e-07,-9.94929e-08,0.000106659,-0.000125661,0.000105915,-0.0320374,-0.000105915,-0.0320374,-0.000106659,-0.000125661,-7.46563e-07,-9.94929e-08,3.75899e-07,-8.12801e-08,5.38112e-05,-1.04469e-06,5.34367e-05,-0.000275431,-5.34367e-05,-0.000275431,-5.38112e-05,-1.04469e-06,-3.75899e-07,-8.12801e-08
0,0,0,0,-1.3266e-06,-4.91407e-07,-0.000159606,-0.000371777,-0.000158285,-0.0792441,0.000158285,-0.0792441,0.000159606,-0.000371777,1.3266e-06,-4.91407e-07,0,0,0,0,0,0,0,0,-6.3473e-09,-1.438e-07,-9.79592e-07,-1.55195e-07,-9.73407e-07,-3.48663e-06,9.73407e-07,-3.48663e-06,9.79592e-07,-1.55195e-07,6.3473e-09,-1.438e-07,0,0,0,0,1.32322e-06,-1.76951e-07,0.000158872,-0.000187525,0.000157554,-0.0400312,-0.000157554,-0.0400312,-0.000158872,-0.000187525,-1.32322e-06,-1.76951e-07,6.67164e-07,-1.44516e-07,8.02902e-05,-1.85332e-06,7.96257e-05,-0.000410595,-7.96257e-05,-0.000410595,-8.02902e-05,-1.85332e-06,-6.67164e-07,-1.44516e-07
0,0,0,0,-2.24679e-06,-8.32829e-07,-0.000230304,-0.000536302,-0.000228068,-0.0967542,0.000228068,-0.0967542,0.000230304,-0.000536302,2.24679e-06,-8.32829e-07,0,0,0,0,0,0,0,0,-1.26791e-08,-2.44056e-07,-1.66058e-06,-2.66812e-07,-1.64823e-06,-5.90861e-06,1.64823e-06,-5.90861e-06,1.66058e-06,-2.66812e-07,1.26791e-08,-2.44056e-07,0,0,0,0,2.24003e-06,-3.00674e-07,0.000229061,-0.000270922,0.000226831,-0.0489671,-0.000226831,-0.0489671,-0.000229061,-0.000270922,-2.24003e-06,-3.00674e-07,1.13111e-06,-2.45483e-07,0.000115978,-3.14055e-06,0.000114852,-0.00059252,-0.000114852,-0.00059252,-0.000115978,-3.14055e-06,-1.13111e-06,-2.45483e-07
0,0,0,0,-3.65864e-06,-1.35716e-06,-0.000323111,-0.000752179,-0.000319471,-0.115923,0.000319471,-0.115923,0.000323111,-0.000752179,3.65864e-06,-1.35716e-06,0,0,0,0,0,0,0,0,-2.40421e-08,-3.98317e-07,-2.7067e-06,-4.41455e-07,-2.68329e-06,-9.62767e-06,2.6833e-06,-9.62767e-06,2.7067e-06,-4.41455e-07,2.40421e-08,-3.98317e-07,0,0,0,0,3.64581e-06,-4.91345e-07,0.000321084,-0.000380603,0.000317458,-0.0587889,-0.000317458,-0.0587889,-0.000321084,-0.000380603,-3.64581e-06,-4.91345e-07,1.84393e-06,-4.01018e-07,0.000162899,-5.117e-06,0.000161065,-0.000831363,-0.000161065,-0.000831363,-0.000162899,-5.117e-06,-1.84393e-06,-4.01018e-07
0,0,0,0,-5.75805e-06,-2.1376e-06,-0.000442308,-0.00102931,-0.000436584,-0.136575,0.000436584,-0.136575,0.000442308,-0.00102931,5.75805e-06,-2.1376e-06,0,0,0,0,0,0,0,0,-4.35912e-08,-6.28411e-07,-4.26434e-06,-7.066e-07,-4.22192e-06,-1.51627e-05,4.22192e-06,-1.51627e-05,4.26434e-06,-7.066e-07,4.35912e-08,-6.28411e-07,0,0,0,0,5.7348e-06,-7.76224e-07,0.000439117,-0.000521761,0.000433416,-0.0694194,-0.000433416,-0.0694194,-0.000439117,-0.000521761,-5.7348e-06,-7.76224e-07,2.9055e-06,-6.33294e-07,0.000223269,-8.0583e-06,0.00022038,-0.00113817,-0.00022038,-0.00113817,-0.000223269,-8.0583e-06,-2.9055e-06,-6.33294e-07
0,0,0,0,-8.79537e-06,-3.26793e-06,-0.000592474,-0.00137827,-0.000583737,-0.158497,0.000583737,-0.158497,0.000592474,-0.00137827,8.79537e-06,-3.26793e-06,0,0,0,0,0,0,0,0,-7.60131e-08,-9.6241e-07,-6.52108e-06,-1.0987e-06,-6.44714e-06,-2.31781e-05,6.44714e-06,-2.31781e-05,6.52108e-06,-1.0987e-06,7.60131e-08,-9.62409e-07,0,0,0,0,8.75483e-06,-1.19049e-06,0.000587595,-0.000699988,0.000578899,-0.0807636,-0.000578899,-0.0807636,-0.000587595,-0.000699988,-8.75483e-06,-1.19049e-06,4.4438e-06,-9.70899e-07,0.000299467,-1.23173e-05,0.000295053,-0.00152475,-0.000295053,-0.00152475,-0.000299467,-1.23173e-05,-4.4438e-06,-9.70899e-07
0,0,0,0,-1.30843e-05,-4.86589e-06,-0.000778416,-0.00181012,-0.00076543,-0.181445,0.00076543,-0.181445,0.000778416,-0.00181012,1.30843e-05,-4.86589e-06,0,0,0,0,0,0,0,0,-1.2808e-07,-1.43573e-06,-9.71261e-06,-1.6653e-06,-9.58811e-06,-3.45077e-05,9.58811e-06,-3.45077e-05,9.71261e-06,-1.6653e-06,1.2808e-07,-1.43573e-06,0,0,0,0,1.3016e-05,-1.77866e-06,0.000771152,-0.000921212,0.000758234,-0.0927117,-0.000758234,-0.0927117,-0.000771152,-0.000921212,-1.3016e-05,-1.77866e-06,6.61977e-06,-1.44999e-06,0.000394014,-1.83368e-05,0.000387443,-0.00200353,-0.000387443,-0.00200353,-0.000394014,-1.83368e-05,-6.61977e-06,-1.44999e-06
0,0,0,0,-1.90109e-05,-7.07677e-06,-0.00100511,-0.00233632,-0.000986261,-0.205154,0.000986261,-0.205154,0.00100511,-0.00233632,1.90109e-05,-7.07677e-06,0,0,0,0,0,0,0,0,-2.09343e-07,-2.0923e-06,-1.413e-05,-2.46738e-06,-1.39267e-05,-5.01805e-05,1.39267e-05,-5.01805e-05,1.413e-05,-2.46738e-06,2.09343e-07,-2.0923e-06,0,0,0,0,1.88992e-05,-2.59619e-06,0.000994548,-0.00119163,0.000975808,-0.105143,-0.000975808,-0.105143,-0.000994548,-0.00119163,-1.88992e-05,-2.59619e-06,9.63219e-06,-2.11553e-06,0.000509539,-2.66631e-05,0.000499985,-0.00258736,-0.000499985,-0.00258736,-0.000509539,-2.66631e-05,-9.63218e-06,-2.11553e-06
0,0,0,0,-2.70428e-05,-1.00771e-05,-0.00127763,-0.00296847,-0.00125084,-0.229344,0.00125084,-0.229344,0.00127763,-0.00296847,2.70428e-05,-1.00771e-05,0,0,0,0,0,0,0,0,-3.32981e-07,-2.98578e-06,-2.01272e-05,-3.58213e-06,-1.98039e-05,-7.14454e-05,1.98039e-05,-7.14454e-05,2.01272e-05,-3.58213e-06,3.32981e-07,-2.98577e-06,0,0,0,0,2.68651e-05,-3.71104e-06,0.00126259,-0.00151763,0.00123598,-0.117931,-0.00123598,-0.117931,-0.00126259,-0.00151763,-2.68651e-05,-3.71104e-06,1.37228e-05,-3.0226e-06,0.000648749,-3.79592e-05,0.00063515,-0.00328936,-0.00063515,-0.00328936,-0.000648749,-3.79592e-05,-1.37228e-05,-3.0226e-06
0,0,0,0,-3.77382e-05,-1.4078e-05,-0.00160107,-0.00371822,-0.00156372,-0.25373,0.00156372,-0.25373,0.00160107,-0.00371822,3.77382e-05,-1.4078e-05,0,0,0,0,0,0,0,0,-5.16832e-07,-4.18079e-06,-2.81279e-05,-5.10601e-06,-2.76266e-05,-9.97972e-05,2.76266e-05,-9.97972e-05,2.81279e-05,-5.10601e-06,5.16832e-07,-4.18079e-06,0,0,0,0,3.74625e-05,-5.20543e-06,0.00158005,-0.00190572,0.00154298,-0.130946,-0.00154298,-0.130946,-0.00158005,-0.00190572,-3.74625e-05,-5.20543e-06,1.91813e-05,-4.23773e-06,0.000814394,-5.30184e-05,0.000795404,-0.00412273,-0.000795404,-0.00412273,-0.000814394,-5.30184e-05,-1.91813e-05,-4.23773e-06
0,0,0,0,-5.17546e-05,-1.93294e-05,-0.00198045,-0.00459701,-0.00192928,-0.27803,0.00192928,-0.27803,0.00198045,-0.00459701,5.17546e-05,-1.93294e-05,0,0,0,0,0,0,0,0,-7.84611e-07,-5.75421e-06,-3.86338e-05,-7.15816e-06,-3.78733e-05,-0.000137001,3.78733e-05,-0.000137001,3.86338e-05,-7.15816e-06,7.84611e-07,-5.75421e-06,0,0,0,0,5.13361e-05,-7.17758e-06,0.0019516,-0.00236245,0.00190084,-0.144058,-0.00190084,-0.144058,-0.0019516,-0.00236245,-5.13361e-05,-7.17758e-06,2.63507e-05,-5.84032e-06,0.00100923,-7.27776e-05,0.00098317,-0.00510053,-0.00098317,-0.00510053,-0.00100923,-7.27776e-05,-2.63507e-05,-5.84032e-06
0,0,0,0,-6.98567e-05,-2.61225e-05,-0.00242068,-0.00561596,-0.00235168,-0.301974,0.00235168,-0.301974,0.00242068,-0.00561596,6.98567e-05,-2.61225e-05,0,0,0,0,0,0,0,0,-1.16734e-06,-7.79645e-06,-5.22306e-05,-9.88425e-06,-5.11e-05,-0.000185117,5.11e-05,-0.000185117,5.22306e-05,-9.88425e-06,1.16734e-06,-7.79645e-06,0,0,0,0,6.92339e-05,-9.74351e-06,0.00238169,-0.00289431,0.00231331,-0.157144,-0.00231331,-0.157144,-0.00238169,-0.00289431,-6.92339e-05,-9.74351e-06,3.56318e-05,-7.92403e-06,0.00123599,-9.83293e-05,0.00120079,-0.0062355,-0.00120079,-0.0062355,-0.00123599,-9.83293e-05,-3.56318e-05,-7.92403e-06
0,0,0,0,-9.29236e-05,-3.4794e-05,-0.00292644,-0.00678563,-0.00283477,-0.325307,0.00283477,-0.325307,0.00292644,-0.00678563,9.29236e-05,-3.4794e-05,0,0,0,0,0,0,0,0,-1.70503e-06,-1.04127e-05,-6.95953e-05,-1.34606e-05,-6.79454e-05,-0.000246522,6.79454e-05,-0.000246522,6.95953e-05,-1.34606e-05,1.70503e-06,-1.04127e-05,0,0,0,0,9.2014e-05,-1.30389e-05,0.00287451,-0.00350769,0.00278374,-0.170089,-0.00278374,-0.170089,-0.00287451,-0.00350769,-9.2014e-05,-1.30389e-05,4.74878e-05,-1.05982e-05,0.00149734,-0.000130934,0.00145048,-0.00753989,-0.00145048,-0.00753989,-0.00149734,-0.000130934,-4.74878e-05,-1.05982e-05
0,0,0,0,-0.000121956,-4.57284e-05,-0.00350215,-0.00811593,-0.00338199,-0.347799,0.00338199,-0.347799,0.00350215,-0.00811592,0.000121956,-4.57284e-05,0,0,0,0,0,0,0,0,-2.44854e-06,-1.37241e-05,-9.15023e-05,-1.80989e-05,-8.91351e-05,-0.000323928,8.91351e-05,-0.000323928,9.15023e-05,-1.80989e-05,2.44854e-06,-1.37241e-05,0,0,0,0,0.000120649,-1.72207e-05,0.0034339,-0.00420878,0.00331504,-0.182788,-0.00331504,-0.182788,-0.0034339,-0.00420878,-0.000120649,-1.72207e-05,6.24493e-05,-1.39893e-05,0.00179585,-0.000172031,0.0017343,-0.00902526,-0.0017343,-0.00902526,-0.00179585,-0.000172031,-6.24493e-05,-1.39893e-05
0,0,0,0,-0.00015808,-5.93606e-05,-0.00415188,-0.0096159,-0.00399633,-0.369247,0.00399633,-0.369247,0.00415188,-0.0096159,0.00015808,-5.93606e-05,0,0,0,0,0,0,0,0,-3.4618e-06,-1.78691e-05,-0.000118829,-2.40509e-05,-0.000115485,-0.000420403,0.000115485,-0.000420403,0.000118829,-2.40509e-05,3.4618e-06,-1.78691e-05,0,0,0,0,0.000156233,-2.24694e-05,0.0040633,-0.00500351,0.00390959,-0.195148,-0.00390959,-0.195148,-0.0040633,-0.00500351,-0.000156233,-2.24694e-05,8.1117e-05,-1.82423e-05,0.00213398,-0.000223247,0.00205413,-0.0107024,-0.00205413,-0.0107024,-0.00213398,-0.000223247,-8.1117e-05,-1.82423e-05
0,0,0,0,-0.000202552,-7.61788e-05,-0.00487933,-0.0112936,-0.00468029,-0.389477,0.00468029,-0.389477,0.00487933,-0.0112936,0.000202552,-7.61788e-05,0,0,0,0,0,0,0,0,-4.82413e-06,-2.30046e-05,-0.000152559,-3.16141e-05,-0.000147905,-0.000539384,0.000147905,-0.000539384,0.000152559,-3.16141e-05,4.82413e-06,-2.30046e-05,0,0,0,0,0.000199978,-2.89901e-05,0.00476567,-0.00589749,0.00456918,-0.207091,-0.00456918,-0.207091,-0.00476567,-0.00589749,-0.000199978,-2.89901e-05,0.000104166,-2.3522e-05,0.00251403,-0.000286403,0.00241162,-0.0125809,-0.00241162,-0.0125809,-0.00251403,-0.000286403,-0.000104166,-2.3522e-05
0,0,0,0,-0.000256762,-9.67254e-05,-0.00568773,-0.0131562,-0.00543577,-0.408348,0.00543577,-0.408348,0.00568773,-0.0131562,0.000256762,-9.67254e-05,0,0,0,0,0,0,0,0,-6.63301e-06,-2.93066e-05,-0.00019379,-4.11374e-05,-0.000187397,-0.000684691,0.000187397,-0.000684691,0.00019379,-4.11374e-05,6.63301e-06,-2.93066e-05,0,0,0,0,0.000253223,-3.70151e-05,0.00554342,-0.00689597,0.00529497,-0.218554,-0.00529497,-0.218554,-0.00554342,-0.00689597,-0.000253223,-3.70151e-05,0.000132348,-3.00143e-05,0.00293813,-0.000363523,0.00280818,-0.0146697,-0.00280818,-0.0146697,-0.00293813,-0.000363523,-0.000132348,-3.00143e-05
0,0,0,0,-0.000322234,-0.000121599,-0.00657983,-0.0152094,-0.0062641,-0.42575,0.0062641,-0.42575,0.00657983,-0.0152094,0.000322234,-0.000121599,0,0,0,0,0,0,0,0,-9.00696e-06,-3.69719e-05,-0.000243732,-5.30271e-05,-0.00023506,-0.000860529,0.00023506,-0.000860529,0.000243732,-5.30271e-05,9.00696e-06,-3.69719e-05,0,0,0,0,0.000317428,-4.68048e-05,0.00639844,-0.00800379,0.00608747,-0.229487,-0.00608747,-0.229487,-0.00639844,-0.00800379,-0.000317428,-4.68048e-05,0.000166495,-3.79277e-05,0.0034082,-0.000456837,0.00324497,-0.0169761,-0.00324497,-0.0169761,-0.0034082,-0.000456837,-0.000166495,-3.79277e-05
0,0,0,0,-0.000400623,-0.000151456,-0.00755789,-0.017458,-0.00716596,-0.441607,0.00716596,-0.441607,0.00755789,-0.017458,0.000400623,-0.000151456,0,0,0,0,0,0,0,0,-1.20888e-05,-4.62187e-05,-0.000303713,-6.77535e-05,-0.000292087,-0.0010715,0.000292087,-0.0010715,0.000303713,-6.77535e-05,1.20888e-05,-4.62187e-05,0,0,0,0,0.000394172,-5.86496e-05,0.00733199,-0.00922536,0.00694644,-0.239856,-0.00694644,-0.239856,-0.00733199,-0.00922536,-0.000394172,-5.86496e-05,0.000207516,-4.74941e-05,0.00392599,-0.000568782,0.00372284,-0.0195063,-0.00372284,-0.0195063,-0.00392599,-0.000568782,-0.000207516,-4.74941e-05
0,0,0,0,-0.000493718,-0.000187008,-0.0086236,-0.0199052,-0.00814138,-0.455869,0.00814138,-0.455869,0.0086236,-0.0199052,0.000493718,-0.000187008,0,0,0,0,0,0,0,0,-1.60489e-05,-5.72872e-05,-0.000375177,-8.58576e-05,-0.000359761,-0.0013226,0.000359761,-0.0013226,0.000375177,-8.58576e-05,1.60489e-05,-5.72872e-05,0,0,0,0,0.000485152,-7.28717e-05,0.00834472,-0.0105646,0.00787097,-0.249638,-0.00787097,-0.249638,-0.00834472,-0.0105646,-0.000485152,-7.28717e-05,0.000256406,-5.89702e-05,0.004493,-0.000702004,0.00424239,-0.0222654,-0.00424239,-0.0222654,-0.004493,-0.000702004,-0.000256406,-5.89702e-05
0,0,0,0,-0.000603431,-0.000229026,-0.00977815,-0.0225532,-0.00918976,-0.468514,0.00918976,-0.468514,0.00977815,-0.0225532,0.000603431,-0.000229026,0,0,0,0,0,0,0,0,-2.10893e-05,-7.04408e-05,-0.000459686,-0.000107958,-0.000439453,-0.00161921,0.000439453,-0.00161921,0.000459686,-0.000107958,2.10893e-05,-7.04408e-05,0,0,0,0,0.000592175,-8.98259e-05,0.00943666,-0.0120249,0.0088594,-0.258826,-0.0088594,-0.258826,-0.00943666,-0.0120249,-0.000592175,-8.98259e-05,0.000314237,-7.26385e-05,0.00511052,-0.000859355,0.00480388,-0.0252568,-0.00480388,-0.0252568,-0.00511052,-0.000859355,-0.000314237,-7.26385e-05
0,0,0,0,-0.000731799,-0.000278335,-0.0110221,-0.0254027,-0.0103098,-0.479544,0.0103098,-0.479544,0.0110221,-0.0254027,0.000731799,-0.000278335,0,0,0,0,0,0,0,0,-2.74471e-05,-8.59667e-05,-0.00055892,-0.00013476,-0.000532621,-0.0019671,0.000532621,-0.0019671,0.00055892,-0.00013476,2.74471e-05,-8.59667e-05,0,0,0,0,0.000717149,-0.000109902,0.0106072,-0.0136093,0.00990935,-0.267418,-0.00990935,-0.267418,-0.0106072,-0.0136093,-0.000717149,-0.000109902,0.000382162,-8.88082e-05,0.00577958,-0.00104389,0.00540728,-0.0284828,-0.00540728,-0.0284828,-0.00577958,-0.00104389,-0.000382162,-8.88082e-05
0,0,0,0,-0.000880972,-0.000335817,-0.0123555,-0.0284532,-0.0114996,-0.488983,0.0114996,-0.488983,0.0123555,-0.0284532,0.000880972,-0.000335817,0,0,0,0,0,0,0,0,-3.53991e-05,-0.000104176,-0.000674669,-0.00016706,-0.000640795,-0.00237241,0.000640795,-0.00237241,0.000674669,-0.000167059,3.53991e-05,-0.000104176,0,0,0,0,0.000862075,-0.000133523,0.011855,-0.0153202,0.0110177,-0.275426,-0.0110177,-0.275426,-0.011855,-0.0153202,-0.000862075,-0.000133523,0.000461416,-0.000107816,0.00650099,-0.00125886,0.00605228,-0.0319443,-0.00605228,-0.0319443,-0.00650099,-0.00125886,-0.000461416,-0.000107816
0,0,0,0,-0.0010532,-0.000402406,-0.0137779,-0.0317028,-0.0127566,-0.496869,0.0127566,-0.496869,0.0137779,-0.0317028,0.0010532,-0.000402406,0,0,0,0,0,0,0,0,-4.52657e-05,-0.000125406,-0.000808837,-0.000205755,-0.000765581,-0.00284164,0.000765581,-0.00284164,0.000808837,-0.000205755,4.52657e-05,-0.000125406,0,0,0,0,0.00102904,-0.000161153,0.0131783,-0.0171596,0.0121808,-0.282864,-0.0121808,-0.282864,-0.0131783,-0.0171596,-0.00102904,-0.000161153,0.000553306,-0.000130027,0.00727532,-0.0015077,0.00673824,-0.0356407,-0.00673824,-0.0356407,-0.00727532,-0.0015077,-0.000553306,-0.000130027
0,0,0,0,-0.00125084,-0.000479089,-0.0152883,-0.0351486,-0.0140777,-0.503254,0.0140777,-0.503254,0.0152883,-0.0351486,0.00125084,-0.000479089,0,0,0,0,0,0,0,0,-5.74156e-05,-0.000150017,-0.000963431,-0.000251853,-0.000908644,-0.00338161,0.000908644,-0.00338161,0.000963431,-0.000251853,5.74156e-05,-0.000150017,0,0,0,0,0.00122018,-0.000193289,0.0145746,-0.0191288,0.0133942,-0.289754,-0.0133942,-0.289754,-0.0145746,-0.0191288,-0.00122018,-0.000193289,0.000659214,-0.000155835,0.00810289,-0.00179402,0.00746424,-0.0395702,-0.00746424,-0.0395702,-0.00810289,-0.00179402,-0.000659214,-0.000155835
0,0,0,0,-0.00147631,-0.000566899,-0.0168849,-0.0387862,-0.015459,-0.508201,0.015459,-0.508201,0.0168849,-0.0387862,0.00147631,-0.000566899,0,0,0,0,0,0,0,0,-7.22701e-05,-0.000178398,-0.00114056,-0.000306476,-0.0010717,-0.00399946,0.0010717,-0.00399946,0.00114056,-0.000306476,7.22701e-05,-0.000178398,0,0,0,0,0.00143772,-0.000230469,0.0160406,-0.0212289,0.0146527,-0.296122,-0.0146527,-0.296122,-0.0160406,-0.0212289,-0.00143772,-0.000230469,0.000780592,-0.000185665,0.00898381,-0.00212162,0.00822905,-0.0437299,-0.00822905,-0.0437299,-0.00898381,-0.00212162,-0.000780592,-0.000185665
0,0,0,0,-0.00173211,-0.000666915,-0.0185658,-0.0426103,-0.0168964,-0.51178,0.0168964,-0.51178,0.0185658,-0.0426103,0.00173211,-0.000666915,0,0,0,0,0,0,0,0,-9.03082e-05,-0.00021096,-0.00134243,-0.000370872,-0.00125651,-0.00470262,0.00125651,-0.00470262,0.00134243,-0.000370872,9.03082e-05,-0.00021096,0,0,0,0,0.00168388,-0.00027327,0.0175729,-0.0234604,0.0159509,-0.301993,-0.0159509,-0.301993,-0.0175729,-0.0234604,-0.00168388,-0.00027327,0.000918955,-0.000219968,0.00991794,-0.00249441,0.00903121,-0.0481155,-0.00903121,-0.0481155,-0.00991794,-0.00249441,-0.000918955,-0.000219968
0,0,0,0,-0.00202079,-0.000780259,-0.0203283,-0.0466143,-0.018385,-0.514063,0.018385,-0.514063,0.0203283,-0.0466143,0.00202079,-0.000780258,0,0,0,0,0,0,0,0,-0.000112071,-0.000248146,-0.00157132,-0.000446422,-0.00146487,-0.00549878,0.00146487,-0.00549878,0.00157132,-0.000446422,0.000112071,-0.000248146,0,0,0,0,0.00196094,-0.000322308,0.0191671,-0.0258233,0.0172825,-0.307397,-0.0172825,-0.307397,-0.0191671,-0.0258233,-0.00196094,-0.000322308,0.00107588,-0.000259231,0.0109049,-0.00291648,0.00986895,-0.0527216,-0.00986895,-0.0527216,-0.0109049,-0.00291648,-0.00107588,-0.000259231
0,0,0,0,-0.00234494,-0.000908087,-0.0221695,-0.0507909,-0.0199196,-0.515127,0.0199196,-0.515127,0.0221695,-0.0507909,0.00234494,-0.000908087,0,0,0,0,0,0,0,0,-0.000138166,-0.000290419,-0.00182961,-0.000534647,-0.00169858,-0.00639582,0.00169858,-0.00639582,0.00182961,-0.000534647,0.000138166,-0.000290419,0,0,0,0,0.00227114,-0.000378241,0.0208186,-0.0283173,0.018641,-0.312361,-0.018641,-0.312361,-0.0208186,-0.0283173,-0.00227114,-0.000378241,0.00125299,-0.000303967,0.0119441,-0.00339199,0.0107403,-0.0575418,-0.0107403,-0.0575418,-0.0119441,-0.00339199,-0.00125299,-0.000303967
0,0,0,0,-0.00270716,-0.00105159,-0.0240859,-0.0551315,-0.0214945,-0.515047,0.0214945,-0.515047,0.0240859,-0.0551315,0.00270716,-0.00105159,0,0,0,0,0,0,0,0,-0.000169273,-0.000338274,-0.00211972,-0.000637214,-0.00195946,-0.00740183,0.00195946,-0.00740183,0.00211972,-0.000637214,0.000169273,-0.000338274,0,0,0,0,0.00261673,-0.000441766,0.0225221,-0.0309414,0.0200193,-0.316912,-0.0200193,-0.316912,-0.0225221,-0.0309414,-0.00261673,-0.000441766,0.00145195,-0.000354723,0.0130348,-0.00392525,0.0116429,-0.0625684,-0.0116429,-0.0625684,-0.0130348,-0.00392525,-0.00145195,-0.000354723
0,0,0,0,-0.00311006,-0.00121199,-0.0260734,-0.059627,-0.0231037,-0.513896,0.0231037,-0.513896,0.0260734,-0.059627,0.00311006,-0.00121199,0,0,0,0,0,0,0,0,-0.000206147,-0.000392229,-0.00244415,-0.000755949,-0.00224932,-0.00852505,0.00224932,-0.00852505,0.00244415,-0.000755949,0.000206147,-0.000392229,0,0,0,0,0.00299992,-0.000513621,0.0242719,-0.0336944,0.0214099,-0.321073,-0.0214099,-0.321073,-0.0242719,-0.0336944,-0.00299992,-0.000513621,0.00167449,-0.000412075,0.0141759,-0.0045206,0.0125745,-0.0677932,-0.0125745,-0.0677932,-0.0141759,-0.0045206,-0.00167449,-0.000412075
0,0,0,0,-0.00355622,-0.00139054,-0.028128,-0.0642671,-0.0247407,-0.511747,0.0247407,-0.511747,0.028128,-0.0642671,0.00355622,-0.00139054,0,0,0,0,0,0,0,0,-0.000249624,-0.000452832,-0.00280544,-0.000892837,-0.00256993,-0.00977379,0.00256993,-0.00977379,0.00280544,-0.000892837,0.000249624,-0.000452832,0,0,0,0,0.00342283,-0.000594586,0.0260621,-0.0365747,0.0228052,-0.324869,-0.0228052,-0.324869,-0.0260621,-0.0365747,-0.00342283,-0.000594586,0.00192234,-0.00047663,0.0153662,-0.00518248,0.0135322,-0.0732068,-0.0135322,-0.0732068,-0.0153662,-0.00518248,-0.00192234,-0.00047663
0,0,0,0,-0.00404818,-0.00158848,-0.0302448,-0.069041,-0.026399,-0.508669,0.026399,-0.508669,0.0302448,-0.069041,0.00404818,-0.00158848,0,0,0,0,0,0,0,0,-0.000300624,-0.000520657,-0.00320616,-0.00105003,-0.00292305,-0.0111565,0.00292305,-0.0111565,0.00320616,-0.00105003,0.000300624,-0.000520657,0,0,0,0,0.00388752,-0.000685482,0.0278861,-0.0395803,0.024197,-0.328318,-0.024197,-0.328319,-0.0278861,-0.0395803,-0.00388752,-0.000685482,0.00219727,-0.000549028,0.0166043,-0.00591533,0.0145132,-0.0787991,-0.0145132,-0.0787991,-0.0166043,-0.00591533,-0.00219727,-0.000549028
0,0,0,0,-0.00458845,-0.00180711,-0.032419,-0.0739375,-0.0280716,-0.504726,0.0280716,-0.504726,0.032419,-0.0739375,0.00458845,-0.00180711,0,0,0,0,0,0,0,0,-0.000360157,-0.000596302,-0.0036489,-0.00122987,-0.00331036,-0.0126814,0.00331036,-0.0126814,0.0036489,-0.00122987,0.000360157,-0.000596302,0,0,0,0,0.00439594,-0.000787168,0.0297373,-0.0427088,0.0255774,-0.33144,-0.0255774,-0.33144,-0.0297373,-0.0427088,-0.00439594,-0.000787168,0.00250104,-0.000629936,0.0178885,-0.00672363,0.0155145,-0.0845592,-0.0155145,-0.0845592,-0.0178885,-0.00672363,-0.00250104,-0.000629936
0,0,0,0,-0.00517942,-0.00204769,-0.0346452,-0.0789444,-0.0297514,-0.49998,0.0297514,-0.49998,0.0346452,-0.0789444,0.00517942,-0.00204769,0,0,0,0,0,0,0,0,-0.000429323,-0.000680397,-0.00413628,-0.00143485,-0.0037335,-0.0143571,0.0037335,-0.0143571,0.00413628,-0.00143485,0.000429323,-0.000680397,0,0,0,0,0.0049499,-0.000900547,0.0316083,-0.0459575,0.0269378,-0.334249,-0.0269378,-0.334249,-0.0316083,-0.0459575,-0.0049499,-0.000900547,0.00283545,-0.000720055,0.0192172,-0.00761183,0.0165328,-0.0904757,-0.0165328,-0.0904757,-0.0192172,-0.00761183,-0.00283545,-0.000720055
0,0,0,0,-0.00582341,-0.00231152,-0.0369178,-0.0840492,-0.0314311,-0.494489,0.0314311,-0.494489,0.0369178,-0.0840492,0.00582341,-0.00231152,0,0,0,0,0,0,0,0,-0.00050932,-0.000773595,-0.00467089,-0.00166768,-0.00419402,-0.0161917,0.00419402,-0.0161917,0.00467089,-0.00166768,0.00050932,-0.000773595,0,0,0,0,0.00555107,-0.00102656,0.033492,-0.0493232,0.02827,-0.336758,-0.02827,-0.336758,-0.033492,-0.0493232,-0.00555107,-0.00102656,0.00320225,-0.000820113,0.0205882,-0.00858436,0.0175647,-0.0965364,-0.0175647,-0.0965364,-0.0205882,-0.00858436,-0.00320225,-0.000820113
0,0,0,0,-0.00652258,-0.00259989,-0.0392311,-0.089239,-0.0331036,-0.488308,0.0331036,-0.488308,0.0392311,-0.089239,0.00652258,-0.00259989,0,0,0,0,0,0,0,0,-0.000601443,-0.000876578,-0.00525533,-0.00193122,-0.00469335,-0.0181935,0.00469335,-0.0181935,0.00525533,-0.00193122,0.000601443,-0.000876578,0,0,0,0,0.00620092,-0.00116618,0.0353808,-0.0528026,0.0295654,-0.338978,-0.0295654,-0.338978,-0.0353808,-0.0528026,-0.00620092,-0.00116618,0.0036032,-0.000930868,0.0219994,-0.00964558,0.0186069,-0.102729,-0.0186069,-0.102729,-0.0219994,-0.00964558,-0.0036032,-0.000930868
0,0,0,0,-0.00727899,-0.00291405,-0.0415788,-0.0945006,-0.0347613,-0.481488,0.0347613,-0.481488,0.0415788,-0.0945006,0.00727899,-0.00291405,0,0,0,0,0,0,0,0,-0.000707087,-0.000990055,-0.00589215,-0.00222857,-0.00523283,-0.0203703,0.00523283,-0.0203703,0.00589215,-0.00222857,0.000707087,-0.000990055,0,0,0,0,0.00690075,-0.00132043,0.0372667,-0.0563919,0.0308157,-0.340917,-0.0308157,-0.340917,-0.0372667,-0.0563919,-0.00690075,-0.00132043,0.00404001,-0.00105311,0.0234484,-0.0107998,0.0196556,-0.10904,-0.0196556,-0.10904,-0.0234484,-0.0107998,-0.00404001,-0.00105311
0,0,0,0,-0.0080945,-0.00325527,-0.0439548,-0.0998204,-0.0363969,-0.474077,0.0363969,-0.474077,0.0439548,-0.0998204,0.0080945,-0.00325527,0,0,0,0,0,0,0,0,-0.000827751,-0.00111476,-0.00658387,-0.00256297,-0.00581369,-0.02273,0.00581369,-0.02273,0.00658387,-0.00256297,0.000827751,-0.00111476,0,0,0,0,0.00765162,-0.00149037,0.0391419,-0.0600871,0.0320125,-0.342583,-0.0320125,-0.342583,-0.0391419,-0.0600871,-0.00765162,-0.00149037,0.00451438,-0.00118765,0.0249328,-0.0120511,0.0207072,-0.115456,-0.0207072,-0.115456,-0.0249328,-0.0120511,-0.00451438,-0.00118765
0,0,0,0,-0.00897081,-0.0036248,-0.0463526,-0.105185,-0.0380031,-0.466123,0.0380031,-0.466123,0.0463526,-0.105185,0.00897081,-0.0036248,0,0,0,0,0,0,0,0,-0.000965038,-0.00125146,-0.00733293,-0.0029379,-0.00643698,-0.0252799,0.00643698,-0.0252799,0.00733293,-0.0029379,0.000965038,-0.00125146,0,0,0,0,0.00845435,-0.00167707,0.0409983,-0.0638838,0.0331477,-0.343981,-0.0331477,-0.343981,-0.0409983,-0.0638838,-0.00845435,-0.00167707,0.00502793,-0.00133533,0.0264498,-0.0134035,0.0217578,-0.121963,-0.0217578,-0.121963,-0.0264498,-0.0134035,-0.00502793,-0.00133533
0,0,0,0,-0.0099094,-0.00402384,-0.0487656,-0.110579,-0.0395726,-0.457669,0.0395726,-0.457669,0.0487656,-0.110579,0.00990939,-0.00402384,0,0,0,0,0,0,0,0,-0.00112066,-0.00140094,-0.00814171,-0.00335699,-0.00710362,-0.0280271,0.00710362,-0.0280271,0.00814171,-0.00335699,0.00112066,-0.00140094,0,0,0,0,0.0093095,-0.00188167,0.0428278,-0.0677775,0.0342133,-0.345114,-0.0342133,-0.345114,-0.0428278,-0.0677775,-0.0093095,-0.00188167,0.00558222,-0.00149701,0.0279966,-0.014861,0.0228035,-0.128547,-0.0228035,-0.128547,-0.0279966,-0.014861,-0.00558222,-0.00149701
0,0,0,0,-0.0109115,-0.00445357,-0.0511869,-0.115991,-0.0410982,-0.448757,0.0410982,-0.448757,0.0511869,-0.115991,0.0109115,-0.00445357,0,0,0,0,0,0,0,0,-0.00129641,-0.00156401,-0.0090125,-0.0038241,-0.00781437,-0.0309785,0.00781437,-0.0309785,0.0090125,-0.0038241,0.00129641,-0.00156401,0,0,0,0,0.0102174,-0.00210533,0.044622,-0.0717632,0.0352017,-0.345987,-0.0352017,-0.345987,-0.044622,-0.0717632,-0.0102174,-0.00210533,0.00617874,-0.0016736,0.0295702,-0.0164273,0.0238405,-0.135195,-0.0238405,-0.135195,-0.0295702,-0.0164273,-0.00617874,-0.0016736
0,0,0,0,-0.0119782,-0.00491514,-0.0536099,-0.121405,-0.042573,-0.439428,0.042573,-0.439428,0.0536099,-0.121405,0.0119782,-0.00491514,0,0,0,0,0,0,0,0,-0.00149423,-0.00174153,-0.00994749,-0.00434325,-0.00856979,-0.0341403,0.00856979,-0.0341403,0.00994749,-0.00434325,0.00149423,-0.00174153,0,0,0,0,0.0111779,-0.00234921,0.0463729,-0.0758358,0.0361052,-0.346603,-0.0361052,-0.346603,-0.0463729,-0.0758358,-0.0111779,-0.00234921,0.00681889,-0.00186601,0.0311674,-0.0181057,0.0248647,-0.141891,-0.0248647,-0.141891,-0.0311674,-0.0181057,-0.00681889,-0.00186601
0,0,0,0,-0.0131101,-0.00540966,-0.0560275,-0.126808,-0.0439901,-0.429722,0.0439901,-0.429722,0.0560275,-0.126808,0.0131101,-0.00540966,0,0,0,0,0,0,0,0,-0.00171612,-0.00193436,-0.0109487,-0.00491866,-0.00937028,-0.0375184,0.00937028,-0.0375184,0.0109487,-0.00491866,0.00171612,-0.00193436,0,0,0,0,0.0121907,-0.00261454,0.0480721,-0.0799899,0.036917,-0.346962,-0.036917,-0.346962,-0.0480721,-0.0799899,-0.0121907,-0.00261454,0.00750397,-0.00207517,0.0327848,-0.0198996,0.0258722,-0.14862,-0.0258722,-0.14862,-0.0327848,-0.0198996,-0.00750397,-0.00207517
0,0,0,0,-0.0143079,-0.00593818,-0.0584327,-0.132186,-0.045343,-0.419677,0.045343,-0.419677,0.0584327,-0.132186,0.0143079,-0.00593818,0,0,0,0,0,0,0,0,-0.0019642,-0.0021434,-0.0120182,-0.00555472,-0.010216,-0.0411179,0.010216,-0.0411179,0.0120182,-0.00555472,0.0019642,-0.0021434,0,0,0,0,0.0132552,-0.00290256,0.0497116,-0.0842198,0.0376302,-0.347066,-0.0376302,-0.347066,-0.0497116,-0.0842198,-0.0132552,-0.00290256,0.00823515,-0.00230204,0.0344192,-0.0218121,0.026859,-0.15537,-0.026859,-0.15537,-0.0344192,-0.0218121,-0.00823515,-0.00230204
0,0,0,0,-0.0155716,-0.00650173,-0.0608186,-0.137525,-0.0466255,-0.409332,0.0466255,-0.409332,0.0608186,-0.137525,0.0155716,-0.00650173,0,0,0,0,0,0,0,0,-0.0022407,-0.00236957,-0.0131576,-0.00625599,-0.0111069,-0.0449437,0.0111069,-0.0449437,0.0131576,-0.00625599,0.0022407,-0.00236957,0,0,0,0,0.0143703,-0.00321453,0.0512832,-0.0885196,0.0382387,-0.346918,-0.0382387,-0.346918,-0.0512832,-0.0885196,-0.0143703,-0.00321453,0.00901351,-0.00254761,0.0360667,-0.0238457,0.0278211,-0.162124,-0.0278211,-0.162124,-0.0360667,-0.0238457,-0.00901351,-0.00254761
0,0,0,0,-0.0169011,-0.00710124,-0.0631781,-0.142811,-0.0478316,-0.398722,0.0478316,-0.398722,0.0631781,-0.142811,0.0169011,-0.00710124,0,0,0,0,0,0,0,0,-0.00254791,-0.00261383,-0.0143687,-0.00702721,-0.0120428,-0.0489999,0.0120428,-0.0489999,0.0143687,-0.00702721,0.00254791,-0.00261383,0,0,0,0,0.0155346,-0.00355173,0.0527791,-0.0928832,0.0387366,-0.346518,-0.0387366,-0.346518,-0.0527791,-0.0928832,-0.0155346,-0.00355173,0.00983996,-0.00281287,0.0377239,-0.0260031,0.0287545,-0.16887,-0.0287545,-0.16887,-0.0377239,-0.0260031,-0.00983996,-0.00281287
0,0,0,0,-0.018296,-0.00773763,-0.0655042,-0.148033,-0.0489556,-0.387884,0.0489556,-0.387885,0.0655042,-0.148033,0.018296,-0.00773763,0,0,0,0,0,0,0,0,-0.00288823,-0.00287715,-0.0156528,-0.00787324,-0.0130232,-0.0532898,0.0130232,-0.0532898,0.0156528,-0.00787324,0.00288823,-0.00287715,0,0,0,0,0.0167464,-0.00391546,0.0541914,-0.0973043,0.0391187,-0.345868,-0.0391187,-0.345868,-0.0541914,-0.0973043,-0.0167464,-0.00391546,0.0107153,-0.00309883,0.0393866,-0.0282863,0.0296554,-0.175591,-0.0296554,-0.175591,-0.0393867,-0.0282863,-0.0107153,-0.00309883
0,0,0,0,-0.0197554,-0.00841172,-0.0677901,-0.153177,-0.0499922,-0.376855,0.0499922,-0.376855,0.0677901,-0.153177,0.0197554,-0.00841172,0,0,0,0,0,0,0,0,-0.00326415,-0.00316053,-0.0170113,-0.0087991,-0.0140474,-0.0578164,0.0140474,-0.0578164,0.0170113,-0.0087991,0.00326415,-0.00316053,0,0,0,0,0.0180035,-0.00430704,0.0555126,-0.101776,0.0393802,-0.344969,-0.0393802,-0.344969,-0.0555126,-0.101776,-0.0180035,-0.00430704,0.0116401,-0.00340653,0.0410512,-0.0306971,0.0305197,-0.182275,-0.0305197,-0.182275,-0.0410512,-0.0306971,-0.0116401,-0.00340653
0,0,0,0,-0.0212784,-0.00912429,-0.0700287,-0.15823,-0.0509366,-0.365669,0.0509366,-0.365669,0.0700287,-0.15823,0.0212784,-0.00912429,0,0,0,0,0,0,0,0,-0.00367822,-0.00346501,-0.0184452,-0.00980995,-0.0151145,-0.0625815,0.0151145,-0.0625815,0.0184452,-0.00980995,0.00367822,-0.00346501,0,0,0,0,0.0193034,-0.00472778,0.0567353,-0.106293,0.0395169,-0.343824,-0.0395169,-0.343824,-0.0567353,-0.106293,-0.0193034,-0.00472778,0.0126148,-0.003737,0.0427134,-0.0332371,0.0313439,-0.188907,-0.0313439,-0.188907,-0.0427134,-0.0332371,-0.0126148,-0.003737
0,0,0,0,-0.0228634,-0.00987605,-0.0722134,-0.163181,-0.0517842,-0.354359,0.0517842,-0.35436,0.0722134,-0.163181,0.0228634,-0.00987605,0,0,0,0,0,0,0,0,-0.00413305,-0.00379165,-0.0199553,-0.010911,-0.0162233,-0.0675866,0.0162233,-0.0675866,0.0199553,-0.010911,0.00413305,-0.00379165,0,0,0,0,0.0206432,-0.00517903,0.0578524,-0.110846,0.0395252,-0.342434,-0.0395252,-0.342434,-0.0578524,-0.110846,-0.0206432,-0.00517903,0.0136397,-0.00409129,0.044369,-0.0359075,0.0321241,-0.195474,-0.0321241,-0.195474,-0.0443691,-0.0359075,-0.0136397,-0.00409129
0,0,0,0,-0.0245085,-0.0106676,-0.0743374,-0.168019,-0.0525311,-0.342962,0.0525311,-0.342962,0.0743374,-0.168019,0.0245085,-0.0106676,0,0,0,0,0,0,0,0,-0.00463134,-0.00414152,-0.0215423,-0.0121077,-0.0173723,-0.072832,0.0173723,-0.072832,0.0215423,-0.0121077,0.00463134,-0.00414152,0,0,0,0,0.0220195,-0.00566212,0.0588572,-0.11543,0.0394023,-0.340802,-0.0394023,-0.340802,-0.0588572,-0.11543,-0.0220195,-0.00566212,0.0147148,-0.00447046,0.046014,-0.0387088,0.0328568,-0.201963,-0.0328568,-0.201963,-0.046014,-0.0387088,-0.0147148,-0.00447046
0,0,0,0,-0.0262117,-0.0114996,-0.0763943,-0.172731,-0.0531737,-0.331508,0.0531737,-0.331508,0.0763943,-0.172731,0.0262117,-0.0114996,0,0,0,0,0,0,0,0,-0.00517582,-0.00451573,-0.0232067,-0.0134055,-0.01856,-0.0783175,0.01856,-0.0783175,0.0232067,-0.0134055,0.00517582,-0.00451573,0,0,0,0,0.0234286,-0.00617838,0.059743,-0.120038,0.0391458,-0.338931,-0.0391458,-0.338931,-0.059743,-0.120038,-0.0234286,-0.00617838,0.0158399,-0.00487559,0.0476438,-0.0416417,0.0335385,-0.208361,-0.0335385,-0.208361,-0.0476438,-0.0416417,-0.01584,-0.00487559
0,0,0,0,-0.0279703,-0.0123724,-0.0783776,-0.177308,-0.0537087,-0.320032,0.0537087,-0.320032,0.0783776,-0.177308,0.0279703,-0.0123724,0,0,0,0,0,0,0,0,-0.00576926,-0.00491543,-0.0249485,-0.0148097,-0.0197844,-0.0840418,0.0197844,-0.0840418,0.0249485,-0.0148097,0.00576926,-0.00491543,0,0,0,0,0.0248665,-0.00672914,0.0605037,-0.124661,0.038754,-0.336824,-0.038754,-0.336824,-0.0605037,-0.124661,-0.0248665,-0.00672914,0.0170149,-0.00530773,0.0492542,-0.044706,0.0341659,-0.214655,-0.0341659,-0.214655,-0.0492542,-0.044706,-0.0170149,-0.00530773
0,0,0,0,-0.0297815,-0.0132865,-0.0802813,-0.181741,-0.0541336,-0.308563,0.0541336,-0.308564,0.0802813,-0.181741,0.0297815,-0.0132865,0,0,0,0,0,0,0,0,-0.00641446,-0.00534176,-0.0267677,-0.016326,-0.0210435,-0.090003,0.0210435,-0.090003,0.0267677,-0.016326,0.00641446,-0.00534176,0,0,0,0,0.0263287,-0.00731574,0.0611336,-0.129293,0.038226,-0.334485,-0.038226,-0.334485,-0.0611336,-0.129293,-0.0263287,-0.00731574,0.0182389,-0.00576796,0.0508405,-0.0479015,0.0347357,-0.220834,-0.0347357,-0.220834,-0.0508406,-0.0479015,-0.0182389,-0.00576796
0,0,0,0,-0.0316419,-0.0142422,-0.0820993,-0.186019,-0.0544463,-0.297134,0.0544463,-0.297135,0.0820993,-0.186019,0.0316419,-0.0142422,0,0,0,0,0,0,0,0,-0.00711424,-0.00579591,-0.028664,-0.0179599,-0.0223348,-0.0961982,0.0223348,-0.0961982,0.028664,-0.0179599,0.00711424,-0.00579591,0,0,0,0,0.0278102,-0.00793947,0.0616273,-0.133925,0.0375614,-0.331918,-0.0375614,-0.331918,-0.0616273,-0.133925,-0.0278102,-0.00793947,0.0195113,-0.00625736,0.0523984,-0.0512273,0.0352449,-0.226886,-0.0352449,-0.226886,-0.0523985,-0.0512273,-0.0195113,-0.00625736
0,0,0,0,-0.033548,-0.0152398,-0.0838259,-0.190135,-0.0546451,-0.285775,0.0546451,-0.285775,0.0838259,-0.190135,0.033548,-0.0152398,0,0,0,0,0,0,0,0,-0.00787142,-0.00627909,-0.0306366,-0.019717,-0.0236558,-0.102623,0.0236558,-0.102623,0.0306366,-0.019717,0.00787142,-0.00627909,0,0,0,0,0.0293059,-0.00860163,0.0619798,-0.138552,0.0367607,-0.329127,-0.0367607,-0.329127,-0.0619798,-0.138552,-0.0293059,-0.00860163,0.0208309,-0.00677699,0.0539233,-0.0546823,0.0356908,-0.232801,-0.0356908,-0.232801,-0.0539233,-0.0546823,-0.0208309,-0.00677699
0,0,0,0,-0.0354958,-0.0162795,-0.0854557,-0.19408,-0.0547288,-0.274513,0.0547288,-0.274513,0.0854557,-0.19408,0.0354958,-0.0162795,0,0,0,0,0,0,0,0,-0.00868881,-0.00679253,-0.0326848,-0.0216028,-0.0250037,-0.109274,0.0250037,-0.109274,0.0326848,-0.0216028,0.00868881,-0.00679253,0,0,0,0,0.0308102,-0.0093035,0.0621866,-0.143164,0.0358248,-0.326118,-0.0358248,-0.326118,-0.0621866,-0.143164,-0.0308102,-0.0093035,0.0221966,-0.00732792,0.0554106,-0.0582649,0.0360706,-0.238567,-0.0360706,-0.238567,-0.0554106,-0.0582649,-0.0221966,-0.00732792
0,0,0,0,-0.037481,-0.0173614,-0.0869835,-0.197848,-0.0546969,-0.263376,0.0546969,-0.263376,0.0869835,-0.197848,0.037481,-0.0173614,0,0,0,0,0,0,0,0,-0.00956921,-0.00733747,-0.0348073,-0.0236227,-0.0263754,-0.116145,0.0263754,-0.116145,0.0348073,-0.0236227,0.00956921,-0.00733747,0,0,0,0,0.0323171,-0.0100463,0.0622436,-0.147754,0.0347555,-0.322896,-0.0347555,-0.322896,-0.0622436,-0.147754,-0.0323171,-0.0100463,0.0236066,-0.0079112,0.0568556,-0.0619733,0.0363818,-0.244176,-0.0363818,-0.244176,-0.0568556,-0.0619733,-0.0236066,-0.0079112
0,0,0,0,-0.039499,-0.0184854,-0.0884042,-0.201432,-0.0545492,-0.252392,0.0545492,-0.252392,0.0884042,-0.201432,0.039499,-0.0184854,0,0,0,0,0,0,0,0,-0.0105153,-0.0079152,-0.0370027,-0.0257821,-0.0277678,-0.123229,0.0277678,-0.123229,0.0370027,-0.0257821,0.0105153,-0.0079152,0,0,0,0,0.0338204,-0.0108313,0.0621472,-0.152315,0.0335552,-0.319468,-0.0335552,-0.319468,-0.0621472,-0.152315,-0.0338204,-0.0108313,0.0250591,-0.00852789,0.0582539,-0.0658049,0.0366223,-0.249618,-0.0366223,-0.249618,-0.0582539,-0.0658049,-0.0250592,-0.00852789
0,0,0,0,-0.0415447,-0.0196516,-0.0897134,-0.204826,-0.0542862,-0.241586,0.0542862,-0.241586,0.0897134,-0.204826,0.0415447,-0.0196516,0,0,0,0,0,0,0,0,-0.0115299,-0.008527,-0.0392693,-0.0280862,-0.0291774,-0.130519,0.0291774,-0.130519,0.0392693,-0.0280862,0.0115299,-0.008527,0,0,0,0,0.0353136,-0.0116596,0.0618945,-0.156839,0.032227,-0.315841,-0.032227,-0.315841,-0.0618945,-0.156839,-0.0353136,-0.0116596,0.0265522,-0.00917901,0.0596007,-0.0697572,0.0367899,-0.254885,-0.0367899,-0.254885,-0.0596007,-0.0697572,-0.0265522,-0.00917901
0,0,0,0,-0.043613,-0.0208599,-0.0909067,-0.208026,-0.0539086,-0.230982,0.0539086,-0.230982,0.0909067,-0.208026,0.043613,-0.0208599,0,0,0,0,0,0,0,0,-0.0126155,-0.00917418,-0.041605,-0.0305403,-0.0306007,-0.138007,0.0306007,-0.138007,0.041605,-0.0305403,0.0126155,-0.00917418,0,0,0,0,0.0367898,-0.0125323,0.0614827,-0.161318,0.0307746,-0.31202,-0.0307746,-0.31202,-0.0614827,-0.161318,-0.0367898,-0.0125323,0.0280835,-0.00986558,0.0608916,-0.0738269,0.036883,-0.259969,-0.036883,-0.259969,-0.0608916,-0.0738269,-0.0280835,-0.00986558
0,0,0,0,-0.0456982,-0.0221101,-0.0919802,-0.211027,-0.053418,-0.220603,0.053418,-0.220603,0.0919802,-0.211027,0.0456982,-0.0221101,0,0,0,0,0,0,0,0,-0.0137747,-0.00985808,-0.0440076,-0.0331493,-0.0320338,-0.145683,0.0320338,-0.145683,0.0440076,-0.0331493,0.0137747,-0.00985808,0,0,0,0,0.0382418,-0.0134507,0.0609099,-0.165745,0.0292023,-0.308014,-0.0292023,-0.308014,-0.0609099,-0.165745,-0.0382418,-0.0134507,0.0296502,-0.0105886,0.0621221,-0.0780105,0.0368999,-0.264864,-0.0368999,-0.264864,-0.0621221,-0.0780105,-0.0296502,-0.0105886
0,0,0,0,-0.0477946,-0.0234018,-0.0929303,-0.213825,-0.0528161,-0.210471,0.0528161,-0.210471,0.0929303,-0.213825,0.0477946,-0.0234018,0,0,0,0,0,0,0,0,-0.0150099,-0.01058,-0.0464743,-0.0359179,-0.033473,-0.153538,0.033473,-0.153538,0.0464743,-0.0359179,0.0150099,-0.01058,0,0,0,0,0.0396625,-0.0144156,0.0601747,-0.170112,0.0275151,-0.303831,-0.0275151,-0.303831,-0.0601747,-0.170112,-0.0396625,-0.0144156,0.0312496,-0.0113491,0.0632876,-0.0823043,0.0368394,-0.269561,-0.0368394,-0.269561,-0.0632876,-0.0823043,-0.0312496,-0.0113491
0,0,0,0,-0.0498961,-0.0247348,-0.0937537,-0.21642,-0.0521054,-0.200605,0.0521054,-0.200605,0.0937537,-0.21642,0.0498961,-0.0247348,0,0,0,0,0,0,0,0,-0.0163233,-0.0113414,-0.0490024,-0.0388506,-0.0349142,-0.161561,0.0349142,-0.161561,0.0490024,-0.0388507,0.0163233,-0.0113414,0,0,0,0,0.0410442,-0.0154281,0.059276,-0.174411,0.0257184,-0.29948,-0.0257184,-0.29948,-0.059276,-0.174411,-0.0410442,-0.0154281,0.0328785,-0.012148,0.0643838,-0.086704,0.0367004,-0.274058,-0.0367004,-0.274058,-0.0643838,-0.086704,-0.0328785,-0.012148
0,0,0,0,-0.0519963,-0.0261088,-0.0944475,-0.218807,-0.0512886,-0.191025,0.0512886,-0.191025,0.0944475,-0.218807,0.0519963,-0.0261088,0,0,0,0,0,0,0,0,-0.0177172,-0.0121436,-0.0515886,-0.0419519,-0.0363531,-0.169739,0.0363531,-0.169739,0.0515886,-0.0419519,0.0177172,-0.0121436,0,0,0,0,0.0423793,-0.016489,0.0582134,-0.178636,0.0238184,-0.294969,-0.0238184,-0.294969,-0.0582134,-0.178636,-0.0423793,-0.016489,0.0345334,-0.0129862,0.0654064,-0.091205,0.0364822,-0.278347,-0.0364822,-0.278347,-0.0654064,-0.091205,-0.0345334,-0.0129862
0,0,0,0,-0.0540888,-0.0275231,-0.0950094,-0.220987,-0.0503689,-0.181748,0.0503689,-0.181748,0.0950094,-0.220987,0.0540888,-0.0275231,0,0,0,0,0,0,0,0,-0.0191934,-0.0129879,-0.0542295,-0.0452256,-0.0377857,-0.178061,0.0377857,-0.178061,0.0542295,-0.0452256,0.0191934,-0.0129879,0,0,0,0,0.0436599,-0.0175994,0.0569872,-0.182779,0.0218216,-0.290307,-0.0218216,-0.290308,-0.0569872,-0.182779,-0.0436599,-0.0175994,0.0362106,-0.0138647,0.0663511,-0.0958024,0.0361843,-0.282425,-0.0361843,-0.282425,-0.0663511,-0.0958024,-0.0362106,-0.0138647
0,0,0,0,-0.0561669,-0.0289775,-0.0954372,-0.222958,-0.0493501,-0.17279,0.0493501,-0.17279,0.0954372,-0.222958,0.0561669,-0.0289775,0,0,0,0,0,0,0,0,-0.0207539,-0.0138757,-0.0569214,-0.0486754,-0.0392074,-0.186514,0.0392074,-0.186514,0.0569214,-0.0486754,0.0207539,-0.0138757,0,0,0,0,0.0448781,-0.0187598,0.0555981,-0.186832,0.0197352,-0.285506,-0.0197352,-0.285506,-0.0555981,-0.186832,-0.0448781,-0.0187598,0.0379062,-0.0147843,0.0672138,-0.100491,0.0358065,-0.286289,-0.0358065,-0.286289,-0.0672138,-0.100491,-0.0379062,-0.0147843
0,0,0,0,-0.0582237,-0.0304711,-0.0957292,-0.224722,-0.0482361,-0.164164,0.0482361,-0.164165,0.0957292,-0.224722,0.0582237,-0.0304711,0,0,0,0,0,0,0,0,-0.0224001,-0.0148085,-0.0596602,-0.0523047,-0.040614,-0.195082,0.040614,-0.195082,0.0596602,-0.0523047,0.0224001,-0.0148085,0,0,0,0,0.0460259,-0.0199711,0.0540473,-0.19079,0.0175666,-0.280574,-0.0175666,-0.280574,-0.0540473,-0.19079,-0.0460259,-0.0199711,0.0396159,-0.0157459,0.0679906,-0.105265,0.0353487,-0.289937,-0.0353487,-0.289937,-0.0679906,-0.105265,-0.0396159,-0.0157459
0,0,0,0,-0.0602524,-0.0320035,-0.0958842,-0.226279,-0.0470313,-0.155885,0.0470313,-0.155885,0.0958842,-0.226279,0.0602524,-0.0320035,0,0,0,0,0,0,0,0,-0.0241336,-0.0157877,-0.0624416,-0.0561165,-0.042001,-0.203753,0.042001,-0.203753,0.0624416,-0.0561165,0.0241336,-0.0157877,0,0,0,0,0.0470952,-0.0212338,0.0523367,-0.194645,0.0153238,-0.275522,-0.0153238,-0.275522,-0.0523367,-0.194645,-0.0470952,-0.0212338,0.0413352,-0.0167503,0.0686775,-0.11012,0.0348114,-0.293365,-0.0348114,-0.293365,-0.0686775,-0.11012,-0.0413352,-0.0167503
0,0,0,0,-0.0622458,-0.033574,-0.0959013,-0.22763,-0.0457406,-0.147962,0.0457406,-0.147962,0.0959013,-0.22763,0.0622458,-0.033574,0,0,0,0,0,0,0,0,-0.0259553,-0.0168145,-0.0652612,-0.0601132,-0.043364,-0.21251,0.043364,-0.21251,0.0652611,-0.0601132,0.0259553,-0.0168145,0,0,0,0,0.048078,-0.0225485,0.0504687,-0.198391,0.013015,-0.270362,-0.013015,-0.270362,-0.0504687,-0.198391,-0.048078,-0.0225485,0.0430594,-0.0177983,0.0692709,-0.115048,0.0341953,-0.296573,-0.0341953,-0.296573,-0.0692709,-0.115048,-0.0430594,-0.0177983
0,0,0,0,-0.0641968,-0.0351819,-0.09578,-0.228779,-0.044369,-0.140406,0.044369,-0.140406,0.09578,-0.228779,0.0641968,-0.0351819,0,0,0,0,0,0,0,0,-0.0278662,-0.0178905,-0.068114,-0.0642971,-0.0446984,-0.221337,0.0446984,-0.221337,0.068114,-0.0642971,0.0278662,-0.0178905,0,0,0,0,0.0489664,-0.0239157,0.0484462,-0.202022,0.010649,-0.265104,-0.010649,-0.265104,-0.0484462,-0.202022,-0.0489664,-0.0239157,0.0447835,-0.0188906,0.0697672,-0.120044,0.0335011,-0.29956,-0.0335011,-0.29956,-0.0697672,-0.120044,-0.0447835,-0.0188906
0,0,0,0,-0.0660983,-0.0368263,-0.0955203,-0.229728,-0.0429218,-0.133225,0.0429218,-0.133225,0.0955203,-0.229728,0.0660983,-0.0368263,0,0,0,0,0,0,0,0,-0.0298669,-0.0190169,-0.0709953,-0.0686697,-0.0459999,-0.230219,0.0459999,-0.230218,0.0709952,-0.0686697,0.0298669,-0.0190169,0,0,0,0,0.0497523,-0.0253357,0.0462728,-0.20553,0.00823447,-0.259761,-0.00823446,-0.259761,-0.0462728,-0.20553,-0.0497523,-0.0253357,0.0465024,-0.020028,0.0701631,-0.125102,0.0327302,-0.302327,-0.0327302,-0.302327,-0.0701631,-0.125102,-0.0465024,-0.0200279
0,0,0,0,-0.0679431,-0.0385066,-0.0951227,-0.23048,-0.0414047,-0.126426,0.0414047,-0.126426,0.0951227,-0.23048,0.0679431,-0.0385066,0,0,0,0,0,0,0,0,-0.0319576,-0.0201952,-0.0738995,-0.0732322,-0.0472641,-0.239137,0.0472641,-0.239137,0.0738995,-0.0732322,0.0319576,-0.0201952,0,0,0,0,0.050428,-0.0268088,0.0439524,-0.208912,0.00578067,-0.254343,-0.00578066,-0.254343,-0.0439524,-0.208912,-0.050428,-0.0268088,0.0482105,-0.021211,0.0704554,-0.130214,0.0318839,-0.304875,-0.0318839,-0.304875,-0.0704554,-0.130214,-0.0482105,-0.021211
0,0,0,0,-0.0697241,-0.0402218,-0.0945878,-0.231041,-0.0398235,-0.120014,0.0398235,-0.120014,0.0945878,-0.231041,0.0697241,-0.0402218,0,0,0,0,0,0,0,0,-0.0341385,-0.0214267,-0.0768214,-0.0779853,-0.0484865,-0.248075,0.0484865,-0.248075,0.0768214,-0.0779854,0.0341385,-0.0214267,0,0,0,0,0.050986,-0.0283351,0.0414895,-0.21216,0.00329687,-0.248864,-0.00329686,-0.248864,-0.0414895,-0.21216,-0.050986,-0.028335,0.0499022,-0.0224403,0.0706412,-0.135374,0.0309641,-0.307205,-0.0309641,-0.307205,-0.0706412,-0.135374,-0.0499022,-0.0224403
0,0,0,0,-0.0714343,-0.0419712,-0.093917,-0.231414,-0.0381843,-0.113992,0.0381843,-0.113992,0.093917,-0.231414,0.0714343,-0.0419712,0,0,0,0,0,0,0,0,-0.036409,-0.0227127,-0.0797553,-0.0829292,-0.049663,-0.257015,0.049663,-0.257015,0.0797553,-0.0829292,0.036409,-0.0227127,0,0,0,0,0.0514188,-0.0299146,0.0388891,-0.21527,0.000792496,-0.243335,-0.000792486,-0.243335,-0.0388891,-0.21527,-0.0514188,-0.0299146,0.0515717,-0.0237165,0.0707177,-0.140574,0.0299728,-0.309318,-0.0299728,-0.309318,-0.0707177,-0.140574,-0.0515717,-0.0237165
0,0,0,0,-0.0730667,-0.0437537,-0.0931117,-0.231605,-0.0364934,-0.108363,0.0364934,-0.108363,0.0931117,-0.231605,0.0730667,-0.0437537,0,0,0,0,0,0,0,0,-0.0387687,-0.0240546,-0.0826952,-0.0880633,-0.0507895,-0.265939,0.0507895,-0.265939,0.0826952,-0.0880633,0.0387687,-0.0240546,0,0,0,0,0.0517193,-0.0315475,0.0361567,-0.218237,-0.00172293,-0.237769,0.00172294,-0.237769,-0.0361567,-0.218237,-0.0517193,-0.0315474,0.053213,-0.0250401,0.0706823,-0.145809,0.0289123,-0.311219,-0.0289123,-0.311219,-0.0706823,-0.145809,-0.0532131,-0.0250401
0,0,0,0,-0.0746145,-0.0455685,-0.092174,-0.231619,-0.034757,-0.103128,0.034757,-0.103128,0.092174,-0.231619,0.0746145,-0.0455685,0,0,0,0,0,0,0,0,-0.0412163,-0.0254535,-0.0856352,-0.0933866,-0.0518618,-0.274828,0.0518618,-0.274828,0.0856352,-0.0933866,0.0412163,-0.0254535,0,0,0,0,0.0518805,-0.0332334,0.0332983,-0.221056,-0.00423986,-0.232179,0.00423987,-0.232179,-0.0332983,-0.221056,-0.0518805,-0.0332334,0.05482,-0.0264117,0.0705329,-0.15107,0.027785,-0.312911,-0.027785,-0.312911,-0.0705329,-0.15107,-0.05482,-0.0264117
0,0,0,0,-0.0760711,-0.0474146,-0.0911063,-0.231463,-0.0329816,-0.098286,0.0329816,-0.098286,0.0911063,-0.231463,0.0760711,-0.0474146,0,0,0,0,0,0,0,0,-0.0437506,-0.0269108,-0.0885692,-0.0988976,-0.0528761,-0.283664,0.0528761,-0.283664,0.0885691,-0.0988976,0.0437506,-0.0269108,0,0,0,0,0.0518961,-0.0349721,0.0303202,-0.223724,-0.00674878,-0.226577,0.00674878,-0.226577,-0.0303203,-0.223724,-0.0518961,-0.0349721,0.0563862,-0.0278315,0.0702673,-0.156351,0.0265939,-0.314397,-0.0265939,-0.314397,-0.0702673,-0.156351,-0.0563862,-0.0278315
0,0,0,0,-0.0774301,-0.0492912,-0.0899114,-0.231143,-0.0311738,-0.0938354,0.0311737,-0.0938355,0.0899114,-0.231143,0.0774301,-0.0492912,0,0,0,0,0,0,0,0,-0.0463697,-0.0284276,-0.0914907,-0.104594,-0.0538287,-0.292428,0.0538287,-0.292428,0.0914907,-0.104594,0.0463697,-0.0284276,0,0,0,0,0.0517597,-0.0367633,0.0272293,-0.226235,-0.0092402,-0.220977,0.00924021,-0.220977,-0.0272293,-0.226235,-0.0517598,-0.0367632,0.0579053,-0.0293,0.0698839,-0.161643,0.025342,-0.315683,-0.025342,-0.315683,-0.069884,-0.161643,-0.0579053,-0.0293
0,0,0,0,-0.0786852,-0.0511971,-0.0885925,-0.230666,-0.02934,-0.0897732,0.02934,-0.0897733,0.0885925,-0.230666,0.0786852,-0.0511971,0,0,0,0,0,0,0,0,-0.0490714,-0.0300051,-0.0943934,-0.110473,-0.0547161,-0.301101,0.0547161,-0.301101,0.0943933,-0.110473,0.0490714,-0.0300051,0,0,0,0,0.0514658,-0.0386063,0.0240326,-0.228588,-0.0117048,-0.215391,0.0117048,-0.215391,-0.0240326,-0.228588,-0.0514658,-0.0386063,0.0593707,-0.0308175,0.0693812,-0.166941,0.0240326,-0.316772,-0.0240326,-0.316772,-0.0693812,-0.166941,-0.0593707,-0.0308175
0,0,0,0,-0.0798305,-0.0531314,-0.087153,-0.230039,-0.027487,-0.0860949,0.0274869,-0.086095,0.087153,-0.230039,0.0798305,-0.0531314,0,0,0,0,0,0,0,0,-0.0518531,-0.0316445,-0.0972706,-0.116531,-0.055535,-0.309664,0.055535,-0.309664,0.0972706,-0.116531,0.0518531,-0.0316445,0,0,0,0,0.051009,-0.0405007,0.0207377,-0.230778,-0.0141334,-0.209833,0.0141334,-0.209833,-0.0207377,-0.230778,-0.051009,-0.0405007,0.0607757,-0.0323843,0.0687579,-0.172236,0.0226692,-0.317672,-0.0226692,-0.317672,-0.0687579,-0.172236,-0.0607758,-0.0323843
0,0,0,0,-0.0808603,-0.0550932,-0.0855967,-0.22927,-0.0256211,-0.082795,0.0256211,-0.0827951,0.0855967,-0.22927,0.0808603,-0.0550932,0,0,0,0,0,0,0,0,-0.0547118,-0.0333467,-0.100116,-0.122763,-0.0562821,-0.318099,0.0562821,-0.318099,0.100116,-0.122763,0.0547118,-0.0333466,0,0,0,0,0.0503845,-0.0424457,0.0173524,-0.232803,-0.016517,-0.204315,0.016517,-0.204315,-0.0173524,-0.232803,-0.0503845,-0.0424457,0.0621137,-0.0340006,0.0680131,-0.177522,0.0212554,-0.318387,-0.0212554,-0.318387,-0.0680131,-0.177522,-0.0621137,-0.0340006
0,0,0,0,-0.0817695,-0.0570813,-0.083928,-0.228365,-0.0237489,-0.079867,0.0237489,-0.079867,0.083928,-0.228365,0.0817695,-0.0570813,0,0,0,0,0,0,0,0,-0.0576441,-0.0351127,-0.102922,-0.129166,-0.0569548,-0.326386,0.0569548,-0.326386,0.102922,-0.129166,0.0576441,-0.0351127,0,0,0,0,0.049588,-0.0444405,0.013885,-0.234661,-0.0188469,-0.19885,0.0188469,-0.19885,-0.013885,-0.234661,-0.049588,-0.0444404,0.0633779,-0.0356666,0.0671462,-0.182791,0.0197953,-0.318925,-0.0197953,-0.318925,-0.0671462,-0.182791,-0.0633779,-0.0356666
0,0,0,0,-0.0825531,-0.0590947,-0.0821512,-0.227334,-0.0218768,-0.077303,0.0218768,-0.077303,0.0821512,-0.227334,0.0825531,-0.0590947,0,0,0,0,0,0,0,0,-0.0606461,-0.0369434,-0.105683,-0.135733,-0.0575502,-0.334507,0.0575502,-0.334507,0.105683,-0.135733,0.0606461,-0.0369434,0,0,0,0,0.0486158,-0.0464839,0.0103439,-0.236349,-0.0211147,-0.193452,0.0211147,-0.193452,-0.0103439,-0.236349,-0.0486158,-0.0464839,0.0645616,-0.0373824,0.0661569,-0.188036,0.0182929,-0.319292,-0.0182929,-0.319292,-0.0661569,-0.188036,-0.0645616,-0.0373824
0,0,0,0,-0.0832066,-0.0611325,-0.0802713,-0.226184,-0.0200111,-0.0750944,0.0200111,-0.0750944,0.0802713,-0.226184,0.0832066,-0.0611325,0,0,0,0,0,0,0,0,-0.0637135,-0.0388398,-0.108392,-0.142459,-0.0580661,-0.342445,0.0580661,-0.342445,0.108392,-0.142459,0.0637135,-0.0388398,0,0,0,0,0.0474647,-0.0485751,0.00673765,-0.237867,-0.0233123,-0.188132,0.0233123,-0.188132,-0.00673765,-0.237867,-0.0474647,-0.0485751,0.0656579,-0.039148,0.0650451,-0.19325,0.0167524,-0.319495,-0.0167524,-0.319495,-0.0650451,-0.19325,-0.0656579,-0.0391479
0,0,0,0,-0.0837258,-0.0631936,-0.0782932,-0.224922,-0.0181578,-0.0732316,0.0181578,-0.0732317,0.0782932,-0.224922,0.0837258,-0.0631936,0,0,0,0,0,0,0,0,-0.0668415,-0.0408025,-0.111042,-0.149336,-0.0585004,-0.35018,0.0585004,-0.35018,0.111042,-0.149336,0.0668415,-0.0408025,0,0,0,0,0.0461323,-0.0507127,0.00307522,-0.239214,-0.025432,-0.182904,0.025432,-0.182904,-0.00307523,-0.239214,-0.0461323,-0.0507127,0.0666602,-0.0409633,0.0638112,-0.198426,0.0151783,-0.319543,-0.0151783,-0.319543,-0.0638112,-0.198426,-0.0666602,-0.0409633
