0,0,0,0,-0.0841072,-0.065277,-0.0762224,-0.223558,-0.016323,-0.0717042,0.016323,-0.0717043,0.0762224,-0.223558,0.0841072,-0.065277,0,0,0,0,0,0,0,0,-0.070025,-0.0428323,-0.113626,-0.156358,-0.0588513,-0.357695,0.0588513,-0.357695,0.113626,-0.156358,0.070025,-0.0428323,0,0,0,0,0.0446167,-0.0528954,-0.000634361,-0.240388,-0.0274666,-0.17778,0.0274666,-0.17778,0.000634352,-0.240388,-0.0446167,-0.0528954,0.0675618,-0.0428284,0.0624558,-0.203558,0.0135752,-0.319442,-0.0135752,-0.319442,-0.0624558,-0.203558,-0.0675618,-0.0428284
0,0,0,0,0,0,0,0,0,-1.04122e-08,0,-1.04122e-08,0,0,0,0,0,0,0,0,0,0,0,0,0,0,0,0,0,0,0,0,0,0,0,0,0,0,0,0,0,0,0,0,0,-5.20611e-09,0,-5.20611e-09,0,0,0,0,0,0,0,0,0,0,0,0,0,0,0,0
0,0,0,0,0,0,-2.42951e-12,-5.66889e-12,-2.42953e-12,-0.112129,2.42953e-12,-0.112129,2.42951e-12,-5.66889e-12,0,0,0,0,0,0,0,0,0,0,0,0,0,0,0,0,0,0,0,0,0,0,0,0,0,0,0,0,2.42951e-12,-2.83445e-12,2.42953e-12,-0.0560644,-2.42953e-12,-0.0560644,-2.42951e-12,-2.83445e-12,0,0,0,0,1.21476e-12,0,1.21476e-12,-6.24734e-12,-1.21476e-12,-6.24734e-12,-1.21476e-12,0,0,0
0,0,0,0,-5.2909e-15,-1.95259e-15,-2.61633e-05,-6.10481e-05,-2.61635e-05,-0.455012,2.61635e-05,-0.455012,2.61633e-05,-6.10481e-05,5.2909e-15,-1.95259e-15,0,0,0,0,0,0,0,0,0,-5.66885e-16,-3.88722e-15,-5.66888e-16,-3.88724e-15,-1.38598e-14,3.88724e-15,-1.38598e-14,3.88722e-15,-5.66888e-16,0,-5.66885e-16,0,0,0,0,5.2909e-15,-6.92854e-16,2.61633e-05,-3.0524e-05,2.61635e-05,-0.227573,-2.61635e-05,-0.227573,-2.61633e-05,-3.0524e-05,-5.2909e-15,-6.92854e-16,2.64545e-15,-5.66885e-16,1.30817e-05,-7.36956e-15,1.30817e-05,-6.72773e-05,-1.30817e-05,-6.72773e-05,-1.30817e-05,-7.36956e-15,-2.64545e-15,-5.66885e-16
0,0,0,0,-5.69775e-08,-2.10274e-08,-0.000158443,-0.000369673,-0.000158386,-1.03809,0.000158386,-1.03809,0.000158443,-0.000369673,5.69775e-08,-2.10274e-08,0,0,0,0,0,0,0,0,-1.19045e-17,-6.10477e-09,-4.18614e-08,-6.1048e-09,-4.18616e-08,-1.49256e-07,4.18616e-08,-1.49256e-07,4.18614e-08,-6.1048e-09,1.19045e-17,-6.10477e-09,0,0,0,0,5.69775e-08,-7.46132e-09,0.000158411,-0.000184907,0.000158355,-0.519451,-0.000158355,-0.519451,-0.000158411,-0.000184907,-5.69775e-08,-7.46132e-09,2.84888e-08,-6.10477e-09,7.92423e-05,-7.93625e-08,7.92142e-05,-0.000407432,-7.92142e-05,-0.000407432,-7.92423e-05,-7.93625e-08,-2.84888e-08,-6.10477e-09
0,0,0,0,-4.58754e-07,-1.69339e-07,-0.00053262,-0.00124256,-0.000532163,-1.86329,0.000532163,-1.86329,0.00053262,-0.00124256,4.58754e-07,-1.69339e-07,0,0,0,0,0,0,0,0,-1.282e-10,-4.91858e-08,-3.37146e-07,-4.94166e-08,-3.37023e-07,-1.20197e-06,3.37023e-07,-1.20197e-06,3.37146e-07,-4.94166e-08,1.282e-10,-4.91858e-08,0,0,0,0,4.58686e-07,-6.01399e-08,0.000532367,-0.000621846,0.000531911,-0.933014,-0.000531911,-0.933014,-0.000532367,-0.000621846,-4.58686e-07,-6.01399e-08,2.29455e-07,-4.92005e-08,0.000266478,-6.39098e-07,0.00026625,-0.00136965,-0.00026625,-0.00136965,-0.000266478,-6.39098e-07,-2.29455e-07,-4.92005e-08
0,0,0,0,-2.01843e-06,-7.45264e-07,-0.00134048,-0.00312682,-0.00133847,-2.92442,0.00133847,-2.92442,0.00134048,-0.00312682,2.01843e-06,-7.45264e-07,0,0,0,0,0,0,0,0,-1.28835e-09,-2.16597e-07,-1.48394e-06,-2.18914e-07,-1.48269e-06,-5.28973e-06,1.48269e-06,-5.28973e-06,1.48394e-06,-2.18914e-07,1.28835e-09,-2.16597e-07,0,0,0,0,2.01774e-06,-2.64972e-07,0.00133937,-0.0015659,0.00133736,-1.46566,-0.00133736,-1.46566,-0.00133937,-0.0015659,-2.01774e-06,-2.64972e-07,1.01e-06,-2.16744e-07,0.000670981,-2.81253e-06,0.000669975,-0.00344721,-0.000669975,-0.00344721,-0.000670981,-2.81253e-06,-1.01e-06,-2.16744e-07
0,0,0,0,-6.48846e-06,-2.39655e-06,-0.00282798,-0.00659549,-0.00282151,-4.20688,0.00282151,-4.20688,0.00282798,-0.00659549,6.48846e-06,-2.39655e-06,0,0,0,0,0,0,0,0,-6.98753e-09,-6.97015e-07,-4.77251e-06,-7.09578e-07,-4.7657e-06,-1.70096e-05,4.7657e-06,-1.70096e-05,4.77251e-06,-7.09578e-07,6.98753e-09,-6.97015e-07,0,0,0,0,6.48473e-06,-8.53228e-07,0.0028244,-0.00330574,0.00281793,-2.11071,-0.00281793,-2.11071,-0.0028244,-0.00330574,-6.48473e-06,-8.53229e-07,3.2485e-06,-6.97812e-07,0.00141637,-9.04367e-06,0.00141313,-0.0072728,-0.00141313,-0.0072728,-0.00141637,-9.04367e-06,-3.2485e-06,-6.97812e-07
0,0,0,0,-1.70886e-05,-6.31431e-06,-0.00529133,-0.0123382,-0.00527429,-5.68776,0.00527429,-5.68776,0.00529133,-0.0123382,1.70886e-05,-6.31431e-06,0,0,0,0,0,0,0,0,-2.72725e-08,-1.83803e-06,-1.25762e-05,-1.88706e-06,-1.25496e-05,-4.4814e-05,1.25496e-05,-4.4814e-05,1.25762e-05,-1.88706e-06,2.72725e-08,-1.83803e-06,0,0,0,0,1.7074e-05,-2.25165e-06,0.0052819,-0.00619016,0.00526488,-2.85747,-0.00526488,-2.85747,-0.0052819,-0.00619016,-1.7074e-05,-2.25165e-06,8.56093e-06,-1.84114e-06,0.00265194,-2.38259e-05,0.0026434,-0.0136085,-0.0026434,-0.0136085,-0.00265194,-2.38259e-05,-8.56093e-06,-1.84114e-06
0,0,0,0,-3.91367e-05,-1.4468e-05,-0.00907107,-0.0211469,-0.00903204,-7.33634,0.00903204,-7.33634,0.00907107,-0.0211469,3.91367e-05,-1.4468e-05,0,0,0,0,0,0,0,0,-8.59549e-08,-4.21566e-06,-2.88206e-05,-4.37013e-06,-2.87368e-05,-0.000102677,2.87368e-05,-0.000102677,2.88206e-05,-4.37013e-06,8.59549e-08,-4.21566e-06,0,0,0,0,3.90908e-05,-5.16873e-06,0.00904946,-0.0106217,0.00901048,-3.69146,-0.00901048,-3.69146,-0.00904946,-0.0106217,-3.90908e-05,-5.16873e-06,1.96208e-05,-4.22543e-06,0.00454991,-5.45871e-05,0.00453034,-0.0233308,-0.00453034,-0.0233308,-0.00454991,-5.45871e-05,-1.96208e-05,-4.22543e-06
0,0,0,0,-8.07671e-05,-2.98737e-05,-0.0145442,-0.0338975,-0.0144636,-9.115,0.0144636,-9.115,0.0145442,-0.0338975,8.07671e-05,-2.98737e-05,0,0,0,0,0,0,0,0,-2.32531e-07,-8.71438e-06,-5.95205e-05,-9.13215e-06,-5.92938e-05,-0.000211996,5.92938e-05,-0.000211996,5.95205e-05,-9.13215e-06,2.32531e-07,-8.71438e-06,0,0,0,0,8.0643e-05,-1.06949e-05,0.0144996,-0.0170483,0.0144192,-4.59482,-0.0144192,-4.59482,-0.0144996,-0.0170483,-8.0643e-05,-1.06949e-05,4.05253e-05,-8.74077e-06,0.00730175,-0.000112701,0.00726134,-0.03741,-0.00726134,-0.03741,-0.00730175,-0.000112701,-4.05253e-05,-8.74077e-06
0,0,0,0,-0.000153716,-5.68895e-05,-0.0221145,-0.0515266,-0.0219613,-10.9805,0.0219613,-10.9805,0.0221145,-0.0515266,0.000153716,-5.68895e-05,0,0,0,0,0,0,0,0,-5.60392e-07,-1.66161e-05,-0.000113371,-1.76227e-05,-0.000112825,-0.000403684,0.000112825,-0.000403684,0.000113371,-1.76227e-05,5.60392e-07,-1.66161e-05,0,0,0,0,0.000153417,-2.04144e-05,0.0220296,-0.0259528,0.0218767,-5.54696,-0.0218767,-5.54696,-0.0220296,-0.0259528,-0.000153417,-2.04144e-05,7.71993e-05,-1.66796e-05,0.0111137,-0.000214594,0.0110368,-0.0568865,-0.0110368,-0.0568865,-0.0111137,-0.000214594,-7.71993e-05,-1.66796e-05
0,0,0,0,-0.000274147,-0.000101528,-0.032202,-0.0750064,-0.0319289,-12.8854,0.0319289,-12.8854,0.032202,-0.0750064,0.000274147,-0.000101528,0,0,0,0,0,0,0,0,-1.23305e-06,-2.96959e-05,-0.000202376,-3.191e-05,-0.000201174,-0.000720383,0.000201174,-0.000720383,0.000202376,-3.191e-05,1.23305e-06,-2.96959e-05,0,0,0,0,0.00027349,-3.65275e-05,0.0320504,-0.0378413,0.031778,-6.52524,-0.031778,-6.52524,-0.0320504,-0.0378413,-0.00027349,-3.65275e-05,0.000137825,-2.98353e-05,0.0162017,-0.000382926,0.0160644,-0.0828422,-0.0160644,-0.0828422,-0.0162017,-0.000382926,-0.000137825,-2.98353e-05
0,0,0,0,-0.000463501,-0.00017178,-0.0452306,-0.105316,-0.0447691,-14.78,0.0447691,-14.78,0.0452306,-0.105316,0.000463501,-0.00017178,0,0,0,0,0,0,0,0,-2.52019e-06,-5.03219e-05,-0.000342495,-5.48458e-05,-0.000340039,-0.00121874,0.000340039,-0.00121874,0.000342495,-5.48458e-05,2.52019e-06,-5.03218e-05,0,0,0,0,0.000462157,-6.19789e-05,0.0449741,-0.0532297,0.044514,-7.50588,-0.044514,-7.50588,-0.0449741,-0.0532297,-0.000462157,-6.19789e-05,0.000233284,-5.0606e-05,0.0227855,-0.000647794,0.0225533,-0.116371,-0.0225533,-0.116371,-0.0227855,-0.000647794,-0.000233284,-5.0606e-05
0,0,0,0,-0.000749316,-0.000277932,-0.0616158,-0.143413,-0.0608704,-16.6143,0.0608704,-16.6143,0.0616158,-0.143413,0.000749316,-0.000277932,0,0,0,0,0,0,0,0,-4.84542e-06,-8.15568e-05,-0.000554292,-9.02519e-05,-0.000549573,-0.00197167,0.000549573,-0.00197167,0.000554292,-9.02519e-05,4.84542e-06,-8.15568e-05,0,0,0,0,0.000746732,-0.000100591,0.0612008,-0.0726306,0.060458,-8.46487,-0.060458,-8.46487,-0.0612008,-0.0726306,-0.000746732,-0.000100591,0.000377604,-8.21016e-05,0.0310831,-0.00104793,0.0307074,-0.158544,-0.0307074,-0.158544,-0.0310831,-0.00104793,-0.000377604,-8.21016e-05
0,0,0,0,-0.00116602,-0.000432874,-0.0817524,-0.190201,-0.0805933,-18.3396,0.0805933,-18.3396,0.0817524,-0.190201,0.00116602,-0.000432874,0,0,0,0,0,0,0,0,-8.84739e-06,-0.000127259,-0.000863556,-0.00014313,-0.000854944,-0.00307052,0.000854944,-0.00307052,0.000863556,-0.00014313,8.84739e-06,-0.000127259,0,0,0,0,0.0011613,-0.000157197,0.0811061,-0.0965391,0.0799517,-9.37887,-0.0799517,-9.37887,-0.0811061,-0.0965391,-0.0011613,-0.000157197,0.000588384,-0.000128251,0.0413045,-0.00163184,0.0407195,-0.210384,-0.0407195,-0.210384,-0.0413045,-0.00163184,-0.000588384,-0.000128251
0,0,0,0,-0.00175563,-0.000652387,-0.106002,-0.246506,-0.104258,-19.9105,0.104258,-19.9105,0.106002,-0.246506,0.00175563,-0.000652387,0,0,0,0,0,0,0,0,-1.54561e-05,-0.000192178,-0.00130188,-0.000219894,-0.00128685,-0.00462705,0.00128685,-0.00462705,0.00130188,-0.000219894,1.54561e-05,-0.000192178,0,0,0,0,0.00174739,-0.000237775,0.105028,-0.125419,0.103292,-10.2261,-0.103292,-10.2261,-0.105028,-0.125419,-0.00174739,-0.000237775,0.000887194,-0.000193905,0.0536458,-0.00245888,0.0527645,-0.272826,-0.0527645,-0.272826,-0.0536458,-0.00245888,-0.000887194,-0.000193905
0,0,0,0,-0.00256837,-0.000955389,-0.134682,-0.313045,-0.132133,-21.287,0.132133,-21.287,0.134682,-0.313045,0.00256837,-0.000955389,0,0,0,0,0,0,0,0,-2.59855e-05,-0.000282046,-0.00190719,-0.000328625,-0.00188192,-0.0067752,0.00188192,-0.0067752,0.00190719,-0.000328625,2.59855e-05,-0.000282046,0,0,0,0,0.00255451,-0.00034957,0.133255,-0.159693,0.13072,-10.9873,-0.13072,-10.9873,-0.133255,-0.159693,-0.00255451,-0.00034957,0.00129994,-0.000284941,0.0682841,-0.00360015,0.0669939,-0.346696,-0.0669939,-0.346696,-0.0682841,-0.00360015,-0.00129994,-0.000284941
0,0,0,0,-0.00366312,-0.00136414,-0.168054,-0.390405,-0.164423,-22.435,0.164423,-22.435,0.168054,-0.390405,0.00366312,-0.00136414,0,0,0,0,0,0,0,0,-4.22443e-05,-0.000403659,-0.00272413,-0.000479349,-0.00268309,-0.00967252,0.00268309,-0.00967252,0.00272413,-0.000479349,4.22443e-05,-0.000403659,0,0,0,0,0.00364058,-0.000501219,0.166018,-0.199725,0.162409,-11.6461,-0.162409,-11.6461,-0.166018,-0.199725,-0.00364058,-0.000501219,0.00185714,-0.000408348,0.0853724,-0.00513926,0.083531,-0.432678,-0.083531,-0.432678,-0.0853724,-0.00513926,-0.00185714,-0.000408348
0,0,0,0,-0.00510775,-0.00190442,-0.20632,-0.479024,-0.201262,-23.3285,0.201262,-23.3285,0.20632,-0.479024,0.00510775,-0.00190442,0,0,0,0,0,0,0,0,-6.66648e-05,-0.000564945,-0.00380448,-0.000684336,-0.00373977,-0.0135012,0.00373977,-0.0135012,0.00380448,-0.000684336,6.66647e-05,-0.000564945,0,0,0,0,0.00507218,-0.000702852,0.203477,-0.24582,0.198454,-12.1899,-0.198454,-12.1899,-0.203477,-0.24582,-0.00507218,-0.000702852,0.00259419,-0.000572316,0.105036,-0.00717292,0.102466,-0.531301,-0.102466,-0.531301,-0.105036,-0.00717292,-0.00259419,-0.000572316
0,0,0,0,-0.00697925,-0.00260558,-0.249609,-0.579173,-0.242706,-23.9493,0.242706,-23.9493,0.249609,-0.579173,0.00697925,-0.00260558,0,0,0,0,0,0,0,0,-0.000102451,-0.000775023,-0.00520727,-0.000958415,-0.0051079,-0.0184688,0.0051079,-0.0184688,0.00520727,-0.000958415,0.000102451,-0.000775023,0,0,0,0,0.00692459,-0.000966189,0.245719,-0.298209,0.238871,-12.6098,-0.238871,-12.6098,-0.245719,-0.298209,-0.00692459,-0.000966189,0.0035515,-0.000786304,0.127367,-0.00981119,0.123854,-0.642916,-0.123854,-0.642916,-0.127367,-0.00981119,-0.0035515,-0.000786304
0,0,0,0,-0.00936368,-0.00350063,-0.297978,-0.69095,-0.288728,-24.2879,0.288728,-24.2879,0.297978,-0.69095,0.00936368,-0.00350063,0,0,0,0,0,0,0,0,-0.000153745,-0.00104424,-0.00699896,-0.00131932,-0.00684996,-0.0248083,0.00684996,-0.0248083,0.00699896,-0.00131932,0.000153745,-0.00104424,0,0,0,0,0.00928166,-0.00130462,0.292753,-0.357047,0.283585,-12.9012,-0.283585,-12.9012,-0.292753,-0.357047,-0.00928166,-0.00130462,0.00477458,-0.0010611,0.152428,-0.0131777,0.147709,-0.767686,-0.147709,-0.767686,-0.152428,-0.0131777,-0.00477458,-0.0010611
0,0,0,0,-0.0123559,-0.00462615,-0.351408,-0.814271,-0.339219,-24.3431,0.339219,-24.3431,0.351408,-0.814271,0.0123559,-0.00462615,0,0,0,0,0,0,0,0,-0.000225815,-0.00138422,-0.00925331,-0.00178802,-0.00903467,-0.0327779,0.00903467,-0.0327779,0.00925331,-0.00178802,0.000225815,-0.00138422,0,0,0,0,0.0122355,-0.00173327,0.344504,-0.42241,0.332434,-13.0633,-0.332434,-13.0633,-0.344504,-0.42241,-0.0122355,-0.00173327,0.00631397,-0.00140886,0.180241,-0.0174092,0.17401,-0.905583,-0.17401,-0.905583,-0.180241,-0.0174092,-0.00631397,-0.00140886
0,0,0,0,-0.0160592,-0.00602225,-0.409803,-0.948871,-0.393983,-24.1219,0.393983,-24.1219,0.409803,-0.94887,0.0160592,-0.00602225,0,0,0,0,0,0,0,0,-0.000325255,-0.00180783,-0.0120513,-0.00238912,-0.0117367,-0.04266,0.0117367,-0.04266,0.0120513,-0.00238912,0.000325255,-0.00180783,0,0,0,0,0.0158857,-0.00226904,0.400816,-0.494296,0.385168,-13.0993,-0.385168,-13.0993,-0.400816,-0.494296,-0.0158857,-0.00226904,0.00822521,-0.00184315,0.210799,-0.0226554,0.202692,-1.05638,-0.202692,-1.05638,-0.210799,-0.0226554,-0.00822521,-0.00184315
0,0,0,0,-0.0205845,-0.00773234,-0.472993,-1.09431,-0.452745,-23.6383,0.452745,-23.6383,0.472993,-1.09431,0.0205845,-0.00773234,0,0,0,0,0,0,0,0,-0.000460209,-0.00232923,-0.0154807,-0.00315122,-0.0150361,-0.0547602,0.0150361,-0.0547602,0.0154807,-0.00315122,0.000460209,-0.00232923,0,0,0,0,0.020339,-0.00293064,0.461454,-0.572622,0.44145,-13.0157,-0.44145,-13.0157,-0.461454,-0.572622,-0.020339,-0.00293064,0.0105686,-0.00237895,0.244054,-0.0290783,0.233653,-1.21968,-0.233653,-1.21968,-0.244054,-0.0290783,-0.0105686,-0.00237895
0,0,0,0,-0.0260496,-0.00980292,-0.540736,-1.24998,-0.515152,-22.9126,0.515152,-22.9126,0.540736,-1.24998,0.0260496,-0.00980292,0,0,0,0,0,0,0,0,-0.000640601,-0.00296383,-0.0196359,-0.00410731,-0.0190176,-0.0694051,0.0190176,-0.0694051,0.0196359,-0.00410731,0.000640601,-0.00296383,0,0,0,0,0.0257078,-0.0037386,0.526109,-0.657233,0.500865,-12.8218,-0.500865,-12.8218,-0.526109,-0.657233,-0.0257078,-0.0037386,0.0134087,-0.00303265,0.279932,-0.0368509,0.266755,-1.39488,-0.266755,-1.39488,-0.279932,-0.0368509,-0.0134087,-0.00303265
0,0,0,0,-0.0325781,-0.0122833,-0.612724,-1.41513,-0.580783,-21.9698,0.580783,-21.9698,0.612724,-1.41513,0.0325781,-0.0122833,0,0,0,0,0,0,0,0,-0.000878384,-0.00372823,-0.0246167,-0.00529513,-0.0237699,-0.0869405,0.0237699,-0.0869405,0.0246167,-0.00529513,0.000878384,-0.00372823,0,0,0,0,0.0321093,-0.00471525,0.594399,-0.747906,0.562922,-12.5293,-0.562922,-12.5293,-0.594399,-0.747906,-0.0321093,-0.00471525,0.0168146,-0.00382206,0.318322,-0.0461562,0.301825,-1.58123,-0.301825,-1.58123,-0.318322,-0.0461562,-0.0168146,-0.00382206
0,0,0,0,-0.0402982,-0.0152252,-0.688592,-1.58886,-0.649151,-20.8388,0.649151,-20.8388,0.688592,-1.58886,0.0402982,-0.0152252,0,0,0,0,0,0,0,0,-0.00118779,-0.00464023,-0.0305285,-0.00675763,-0.0293847,-0.107728,0.0293847,-0.107728,0.0305285,-0.00675763,0.00118779,-0.00464023,0,0,0,0,0.0396643,-0.00588472,0.665881,-0.844352,0.627068,-12.1516,-0.627068,-12.1516,-0.665881,-0.844352,-0.0396643,-0.00588472,0.0208584,-0.00476634,0.359088,-0.0571858,0.33866,-1.77784,-0.33866,-1.77784,-0.359088,-0.0571858,-0.0208584,-0.00476634
0,0,0,0,-0.0493414,-0.0186824,-0.767921,-1.77015,-0.719719,-19.5506,0.719719,-19.5506,0.767921,-1.77015,0.0493414,-0.0186824,0,0,0,0,0,0,0,0,-0.00158561,-0.00571873,-0.0374808,-0.00854328,-0.0359559,-0.132144,0.0359559,-0.132144,0.0374808,-0.00854328,0.00158561,-0.00571873,0,0,0,0,0.0484952,-0.00727288,0.740058,-0.94623,0.692693,-11.7029,-0.692693,-11.7029,-0.740058,-0.94623,-0.0484952,-0.00727288,0.0256157,-0.005886,0.402071,-0.0701382,0.377027,-1.98366,-0.377027,-1.98366,-0.402071,-0.0701382,-0.0256157,-0.005886
0,0,0,0,-0.0598409,-0.0227103,-0.850249,-1.95789,-0.791905,-18.137,0.791905,-18.137,0.850249,-1.95789,0.0598409,-0.0227103,0,0,0,0,0,0,0,0,-0.00209141,-0.00698369,-0.0455865,-0.0107065,-0.0435779,-0.160572,0.0435779,-0.160572,0.0455865,-0.0107065,0.00209141,-0.00698369,0,0,0,0,0.0587248,-0.00890733,0.816385,-1.05315,0.759144,-11.1978,-0.759144,-11.1978,-0.816385,-1.05315,-0.0587248,-0.00890733,0.0311643,-0.00720284,0.447086,-0.0852172,0.416675,-2.19757,-0.416675,-2.19757,-0.447086,-0.0852172,-0.0311643,-0.00720284
0,0,0,0,-0.0719304,-0.0273652,-0.935079,-2.15088,-0.865092,-16.6297,0.865092,-16.6297,0.935079,-2.15088,0.0719304,-0.0273652,0,0,0,0,0,0,0,0,-0.00272787,-0.00845604,-0.0549614,-0.013308,-0.052345,-0.193405,0.052345,-0.193405,0.0549614,-0.013308,0.00272787,-0.00845604,0,0,0,0,0.0704744,-0.0108173,0.894282,-1.16469,0.825733,-10.6509,-0.825733,-10.6509,-0.894282,-1.16469,-0.0704744,-0.0108173,0.037584,-0.00873986,0.493934,-0.10263,0.457331,-2.41833,-0.457331,-2.41833,-0.493934,-0.10263,-0.037584,-0.00873986
0,0,0,0,-0.0857418,-0.0327044,-1.02189,-2.34788,-0.938642,-15.0591,0.938642,-15.0591,1.02189,-2.34788,0.0857418,-0.0327044,0,0,0,0,0,0,0,0,-0.00352097,-0.0101576,-0.0657222,-0.0164152,-0.0623502,-0.231035,0.0623502,-0.231035,0.0657222,-0.0164152,0.00352097,-0.0101576,0,0,0,0,0.0838623,-0.0130334,0.973142,-1.2804,0.891751,-10.0758,-0.891751,-10.0758,-0.973142,-1.2804,-0.0838623,-0.0130334,0.0449556,-0.0105212,0.542401,-0.122584,0.49871,-2.64467,-0.49871,-2.64467,-0.542401,-0.122584,-0.0449556,-0.0105212
0,0,0,0,-0.101404,-0.0387848,-1.11013,-2.54761,-1.0119,-13.4534,1.0119,-13.4534,1.11013,-2.54761,0.101404,-0.0387848,0,0,0,0,0,0,0,0,-0.00450026,-0.0121111,-0.0779866,-0.0201024,-0.0736832,-0.273855,0.0736832,-0.273855,0.0779866,-0.0201024,0.00450026,-0.0121111,0,0,0,0,0.0990015,-0.0155881,1.05234,-1.39979,0.956477,-9.48514,-0.956477,-9.48515,-1.05234,-1.39979,-0.0990015,-0.0155881,0.0533601,-0.0125722,0.592262,-0.145286,0.540516,-2.87525,-0.540516,-2.87525,-0.592262,-0.145286,-0.0533601,-0.0125722
0,0,0,0,-0.119041,-0.0456633,-1.19925,-2.74875,-1.08421,-11.8378,1.08421,-11.8378,1.19925,-2.74875,0.119041,-0.0456633,0,0,0,0,0,0,0,0,-0.00569912,-0.0143397,-0.0918713,-0.0244512,-0.0864299,-0.322252,0.0864299,-0.322252,0.0918713,-0.0244512,0.00569912,-0.0143397,0,0,0,0,0.115998,-0.0185149,1.13123,-1.52237,1.01919,-8.88999,-1.01919,-8.88999,-1.13123,-1.52237,-0.115998,-0.0185149,0.0628783,-0.014919,0.643286,-0.170942,0.582448,-3.10872,-0.582448,-3.10872,-0.643286,-0.170942,-0.0628783,-0.014919
0,0,0,0,-0.13877,-0.0533956,-1.2887,-2.95,-1.15493,-10.2345,1.15493,-10.2345,1.2887,-2.95,0.13877,-0.0533956,0,0,0,0,0,0,0,0,-0.00715493,-0.0168677,-0.107491,-0.0295506,-0.100671,-0.376602,0.100671,-0.376602,0.107491,-0.0295506,0.00715493,-0.0168677,0,0,0,0,0.13495,-0.0218487,1.20919,-1.64765,1.07917,-8.29989,-1.07917,-8.29989,-1.20919,-1.64765,-0.13495,-0.0218487,0.0735897,-0.0175888,0.695234,-0.199751,0.624203,-3.34372,-0.624203,-3.34372,-0.695234,-0.199751,-0.0735897,-0.0175888
0,0,0,0,-0.160701,-0.0620358,-1.37792,-3.15007,-1.22341,-8.66206,1.22341,-8.66206,1.37792,-3.15007,0.160701,-0.0620357,0,0,0,0,0,0,0,0,-0.0089093,-0.0197196,-0.124959,-0.0354975,-0.11648,-0.437269,0.11648,-0.437269,0.124959,-0.0354975,0.0089093,-0.0197196,0,0,0,0,0.155944,-0.0256256,1.28557,-1.77512,1.13574,-7.7226,-1.13574,-7.7226,-1.28557,-1.77512,-0.155944,-0.0256256,0.0855717,-0.0206094,0.74787,-0.231903,0.665478,-3.57891,-0.665478,-3.57891,-0.74787,-0.231903,-0.0855717,-0.0206094
0,0,0,0,-0.184933,-0.0716361,-1.46635,-3.34771,-1.28903,-7.13545,1.28903,-7.13545,1.46635,-3.34771,0.184933,-0.0716361,0,0,0,0,0,0,0,0,-0.0110082,-0.0229205,-0.144381,-0.0423966,-0.133924,-0.504597,0.133924,-0.504597,0.144381,-0.0423966,0.0110082,-0.0229205,0,0,0,0,0.179054,-0.0298827,1.35976,-1.9043,1.18821,-7.16415,-1.18821,-7.16416,-1.35976,-1.9043,-0.179054,-0.0298827,0.0988992,-0.0240097,0.800954,-0.267583,0.705976,-3.81298,-0.705976,-3.81298,-0.800954,-0.267583,-0.0988992,-0.0240097
0,0,0,0,-0.211552,-0.0822463,-1.55347,-3.54169,-1.3512,-5.6663,1.3512,-5.6663,1.55347,-3.54169,0.211552,-0.0822463,0,0,0,0,0,0,0,0,-0.0135022,-0.0264959,-0.165863,-0.0503605,-0.15306,-0.57891,0.15306,-0.57891,0.165863,-0.0503605,0.0135022,-0.0264959,0,0,0,0,0.204341,-0.034658,1.43115,-2.03469,1.23595,-6.62892,-1.23595,-6.62892,-1.43115,-2.03469,-0.204341,-0.034658,0.113643,-0.0278188,0.854249,-0.306961,0.745407,-4.04463,-0.745407,-4.04463,-0.854249,-0.306961,-0.113643,-0.0278188
0,0,0,0,-0.240635,-0.0939131,-1.63876,-3.73085,-1.40937,-4.26301,1.40937,-4.26301,1.63876,-3.73085,0.240635,-0.0939131,0,0,0,0,0,0,0,0,-0.0164463,-0.0304716,-0.189499,-0.0595098,-0.173935,-0.660507,0.173935,-0.660507,0.189499,-0.0595098,0.0164463,-0.0304716,0,0,0,0,0.23185,-0.0399905,1.49916,-2.16581,1.27837,-6.11971,-1.27837,-6.11971,-1.49916,-2.16581,-0.23185,-0.0399905,0.12987,-0.0320665,0.907521,-0.350195,0.783489,-4.27265,-0.783489,-4.27265,-0.907521,-0.350195,-0.12987,-0.0320665
0,0,0,0,-0.272242,-0.10668,-1.72172,-3.91407,-1.463,-2.93113,1.463,-2.93113,1.72172,-3.91407,0.272241,-0.10668,0,0,0,0,0,0,0,0,-0.0199004,-0.034874,-0.215381,-0.0699731,-0.196585,-0.749657,0.196585,-0.749657,0.215381,-0.0699731,0.0199004,-0.034874,0,0,0,0,0.261609,-0.0459196,1.56323,-2.2972,1.3149,-5.63798,-1.3149,-5.63798,-1.56323,-2.2972,-0.261609,-0.0459196,0.147642,-0.0367833,0.960543,-0.397429,0.81995,-4.49585,-0.81995,-4.49585,-0.960543,-0.397429,-0.147642,-0.0367833
0,0,0,0,-0.306415,-0.120586,-1.80187,-4.09031,-1.51161,-1.6737,1.51161,-1.6737,1.80187,-4.09031,0.306415,-0.120586,0,0,0,0,0,0,0,0,-0.0239289,-0.0397293,-0.24359,-0.0818871,-0.221035,-0.846597,0.221035,-0.846597,0.24359,-0.0818871,0.0239289,-0.0397293,0,0,0,0,0.293629,-0.0524856,1.62284,-2.42841,1.34505,-5.18401,-1.34505,-5.18401,-1.62284,-2.42841,-0.293629,-0.0524856,0.167015,-0.0419995,1.01309,-0.44879,0.854532,-4.71312,-0.854532,-4.71312,-1.01309,-0.44879,-0.167015,-0.0419995
0,0,0,0,-0.343185,-0.135667,-1.87876,-4.2586,-1.55475,-0.491716,1.55475,-0.491717,1.87876,-4.2586,0.343185,-0.135667,0,0,0,0,0,0,0,0,-0.028601,-0.0450641,-0.274199,-0.0953958,-0.247296,-0.951528,0.247296,-0.951528,0.274199,-0.0953958,0.028601,-0.0450641,0,0,0,0,0.327899,-0.0597287,1.67747,-2.559,1.36837,-4.75714,-1.36837,-4.75714,-1.67747,-2.559,-0.327899,-0.0597287,0.188038,-0.047746,1.06494,-0.504385,0.886988,-4.9234,-0.886988,-4.9234,-1.06494,-0.504385,-0.188038,-0.047746
0,0,0,0,-0.382559,-0.151954,-1.95196,-4.41802,-1.59204,0.61545,1.59204,0.615449,1.95196,-4.41802,0.382559,-0.151954,0,0,0,0,0,0,0,0,-0.0339904,-0.0509052,-0.307271,-0.110651,-0.275368,-1.06461,0.275368,-1.06461,0.307271,-0.110651,0.0339904,-0.0509052,0,0,0,0,0.364389,-0.06769,1.72668,-2.68856,1.38445,-4.35595,-1.38445,-4.35596,-1.72668,-2.68856,-0.364389,-0.06769,0.210753,-0.0540537,1.11588,-0.564304,0.917088,-5.12573,-0.917088,-5.12573,-1.11588,-0.564304,-0.210753,-0.0540537
0,0,0,0,-0.424528,-0.169473,-2.02106,-4.56776,-1.62311,1.64967,1.62311,1.64967,2.02106,-4.56776,0.424528,-0.169473,0,0,0,0,0,0,0,0,-0.0401755,-0.0572794,-0.342858,-0.127811,-0.305234,-1.18598,0.305234,-1.18598,0.342858,-0.127811,0.0401755,-0.0572794,0,0,0,0,0.403048,-0.0764102,1.77002,-2.81668,1.39294,-3.97853,-1.39294,-3.97853,-1.77002,-2.81668,-0.403048,-0.0764102,0.235194,-0.0609535,1.1657,-0.628615,0.944613,-5.31918,-0.944613,-5.31919,-1.1657,-0.628615,-0.235194,-0.0609535
0,0,0,0,-0.469065,-0.188244,-2.0857,-4.70705,-1.64765,2.61369,1.64765,2.61369,2.0857,-4.70705,0.469065,-0.188244,0,0,0,0,0,0,0,0,-0.0472387,-0.0642136,-0.381001,-0.147043,-0.336865,-1.3157,0.336865,-1.3157,0.381001,-0.147043,0.0472387,-0.0642136,0,0,0,0,0.443803,-0.0859303,1.80711,-2.94297,1.39358,-3.62259,-1.39358,-3.6226,-1.80711,-2.94297,-0.443803,-0.0859303,0.261388,-0.0684764,1.2142,-0.697365,0.969362,-5.50293,-0.969362,-5.50293,-1.2142,-0.697365,-0.261388,-0.0684764
0,0,0,0,-0.516119,-0.208285,-2.14551,-4.83522,-1.66541,3.51078,1.66541,3.51078,2.14551,-4.83522,0.516118,-0.208285,0,0,0,0,0,0,0,0,-0.0552666,-0.0717349,-0.42173,-0.168516,-0.370216,-1.45382,0.370216,-1.45382,0.42173,-0.168516,0.0552666,-0.0717349,0,0,0,0,0.486557,-0.096291,1.83758,-3.06706,1.38611,-3.28568,-1.38611,-3.28568,-1.83758,-3.06706,-0.486557,-0.096291,0.289351,-0.076653,1.26118,-0.770577,0.991146,-5.6762,-0.991146,-5.6762,-1.26118,-0.770577,-0.289351,-0.076653
0,0,0,0,-0.56562,-0.229605,-2.20018,-4.95166,-1.67618,4.34448,1.67618,4.34448,2.20018,-4.95166,0.56562,-0.229605,0,0,0,0,0,0,0,0,-0.0643496,-0.0798701,-0.46506,-0.192409,-0.405228,-1.60032,0.405228,-1.60032,0.46506,-0.192409,0.0643496,-0.0798701,0,0,0,0,0.531191,-0.107533,1.8611,-3.18858,1.37039,-2.96529,-1.37039,-2.96529,-1.8611,-3.18858,-0.531191,-0.107533,0.319089,-0.0855136,1.30645,-0.848252,1.00979,-5.8383,-1.00979,-5.8383,-1.30645,-0.848252,-0.319089,-0.0855136
0,0,0,0,-0.617477,-0.252209,-2.24942,-5.05584,-1.67979,5.11841,1.67979,5.11841,2.24942,-5.05584,0.617477,-0.252209,0,0,0,0,0,0,0,0,-0.0745817,-0.0886463,-0.510996,-0.218904,-0.441826,-1.75515,0.441826,-1.75515,0.510996,-0.218904,0.0745817,-0.0886463,0,0,0,0,0.577563,-0.119695,1.87739,-3.30719,1.3463,-2.65897,-1.3463,-2.65897,-1.87739,-3.30719,-0.577563,-0.119695,0.350602,-0.0950884,1.34982,-0.930366,1.02515,-5.98859,-1.02515,-5.98859,-1.34982,-0.930366,-0.350602,-0.0950884
0,0,0,0,-0.671579,-0.276097,-2.29293,-5.14732,-1.67611,5.83606,1.67611,5.83605,2.29293,-5.14732,0.671579,-0.276097,0,0,0,0,0,0,0,0,-0.0860598,-0.0980905,-0.559528,-0.248186,-0.479922,-1.91819,0.479922,-1.91819,0.559528,-0.248186,0.0860598,-0.0980905,0,0,0,0,0.62551,-0.132817,1.88621,-3.42255,1.31378,-2.36443,-1.31378,-2.36443,-1.88621,-3.42255,-0.62551,-0.132817,0.383875,-0.105407,1.3911,-1.01687,1.03707,-6.12653,-1.03707,-6.12653,-1.3911,-1.01687,-0.383875,-0.105407
0,0,0,0,-0.727792,-0.301263,-2.33049,-5.2257,-1.66509,6.50068,1.66509,6.50067,2.33049,-5.2257,0.727792,-0.301263,0,0,0,0,0,0,0,0,-0.0988834,-0.10823,-0.610631,-0.280446,-0.519409,-2.08929,0.519409,-2.08929,0.610631,-0.280446,0.0988834,-0.10823,0,0,0,0,0.674841,-0.146937,1.88733,-3.53434,1.27285,-2.07956,-1.27285,-2.07956,-1.88733,-3.53434,-0.674841,-0.146937,0.418884,-0.116498,1.43013,-1.10769,1.04544,-6.25161,-1.04544,-6.25161,-1.43013,-1.10769,-0.418884,-0.116498
0,0,0,0,-0.785961,-0.327694,-2.36188,-5.29068,-1.64668,7.11525,1.64668,7.11524,2.36188,-5.29068,0.785961,-0.327694,0,0,0,0,0,0,0,0,-0.113154,-0.119091,-0.664269,-0.315874,-0.560171,-2.26823,0.560171,-2.26823,0.664269,-0.315874,0.113154,-0.119091,0,0,0,0,0.725349,-0.162093,1.88058,-3.64225,1.22355,-1.8025,-1.22355,-1.8025,-1.88058,-3.64225,-0.725349,-0.162093,0.455594,-0.128389,1.46672,-1.20274,1.05013,-6.36342,-1.05013,-6.36342,-1.46672,-1.20274,-0.455594,-0.128389
0,0,0,0,-0.845911,-0.355374,-2.38689,-5.34202,-1.6209,7.68239,1.6209,7.68238,2.38689,-5.34202,0.845911,-0.355374,0,0,0,0,0,0,0,0,-0.128976,-0.130702,-0.720387,-0.354665,-0.602072,-2.45477,0.602072,-2.45477,0.720387,-0.354665,0.128976,-0.130702,0,0,0,0,0.7768,-0.17832,1.86581,-3.74597,1.16602,-1.53165,-1.16602,-1.53166,-1.86581,-3.74597,-0.7768,-0.17832,0.493959,-0.141109,1.5007,-1.30189,1.05107,-6.46159,-1.05107,-6.4616,-1.5007,-1.30189,-0.493959,-0.141109
0,0,0,0,-0.907446,-0.38428,-2.40537,-5.37954,-1.58782,8.20438,1.58782,8.20438,2.40537,-5.37954,0.907446,-0.38428,0,0,0,0,0,0,0,0,-0.146452,-0.143088,-0.778921,-0.39701,-0.644968,-2.64859,0.644968,-2.64859,0.778921,-0.39701,0.146452,-0.143088,0,0,0,0,0.828941,-0.195654,1.84292,-3.84522,1.10042,-1.26566,-1.10042,-1.26567,-1.84292,-3.84522,-0.828941,-0.195654,0.533919,-0.154683,1.53191,-1.40499,1.04817,-6.54584,-1.04817,-6.54584,-1.53191,-1.40499,-0.533919,-0.154683
0,0,0,0,-0.970351,-0.414384,-2.41716,-5.40313,-1.54753,8.68317,1.54753,8.68317,2.41716,-5.40313,0.970351,-0.414384,0,0,0,0,0,0,0,0,-0.165688,-0.156278,-0.839787,-0.443101,-0.688696,-2.84934,0.688696,-2.84934,0.839787,-0.443101,0.165688,-0.156278,0,0,0,0,0.8815,-0.214126,1.81185,-3.93971,1.02697,-1.00344,-1.02697,-1.00344,-1.81185,-3.93971,-0.8815,-0.214126,0.575405,-0.169138,1.56019,-1.51187,1.04136,-6.61591,-1.04136,-6.61591,-1.56019,-1.51187,-0.575405,-0.169138
0,0,0,0,-1.03439,-0.445652,-2.42216,-5.41275,-1.50018,9.12039,1.50018,9.12039,2.42216,-5.41275,1.03439,-0.445652,0,0,0,0,0,0,0,0,-0.186787,-0.170297,-0.90289,-0.493129,-0.733086,-3.0566,0.733086,-3.0566,0.90289,-0.493129,0.186787,-0.170297,0,0,0,0,0.934182,-0.233768,1.77255,-4.02917,0.945946,-0.74412,-0.945945,-0.744121,-1.77255,-4.02917,-0.934182,-0.233768,0.618334,-0.184496,1.58538,-1.62234,1.03061,-6.67165,-1.03061,-6.67165,-1.58538,-1.62234,-0.618334,-0.184496
0,0,0,0,-1.09931,-0.478046,-2.42026,-5.40844,-1.44594,9.5174,1.44594,9.5174,2.42026,-5.40844,1.09931,-0.478046,0,0,0,0,0,0,0,0,-0.209853,-0.185174,-0.96812,-0.54728,-0.777953,-3.26992,0.777953,-3.26992,0.96812,-0.54728,0.209853,-0.185174,0,0,0,0,0.98668,-0.254609,1.72504,-4.11334,0.857668,-0.487066,-0.857667,-0.487068,-1.72504,-4.11334,-0.98668,-0.254609,0.662612,-0.200782,1.60733,-1.73619,1.01588,-6.71293,-1.01588,-6.71293,-1.60733,-1.73619,-0.662612,-0.200782
0,0,0,0,-1.16485,-0.511523,-2.41141,-5.39026,-1.38504,9.87534,1.38504,9.87534,2.41141,-5.39026,1.16485,-0.511523,0,0,0,0,0,0,0,0,-0.234988,-0.200934,-1.03535,-0.605734,-0.823102,-3.48879,0.823102,-3.48879,1.03535,-0.605734,0.234988,-0.200934,0,0,0,0,1.03866,-0.276677,1.66935,-4.19198,0.762502,-0.231833,-0.762502,-0.231835,-1.66935,-4.19198,-1.03866,-0.276677,0.708131,-0.218017,1.6259,-1.85318,0.997152,-6.7397,-0.997152,-6.73971,-1.6259,-1.85318,-0.708131,-0.218017
0,0,0,0,-1.23071,-0.546034,-2.39556,-5.35838,-1.31772,10.1952,1.31772,10.1951,2.39556,-5.35838,1.23071,-0.546034,0,0,0,0,0,0,0,0,-0.262289,-0.217606,-1.10444,-0.668666,-0.868328,-3.71268,0.868328,-3.71268,1.10444,-0.668666,0.262289,-0.217606,0,0,0,0,1.08979,-0.299994,1.60555,-4.26484,0.66086,0.021854,-0.66086,0.0218518,-1.60555,-4.26484,-1.08979,-0.299994,0.754772,-0.236222,1.64095,-1.97304,0.974437,-6.75197,-0.974437,-6.75198,-1.64095,-1.97304,-0.754772,-0.236222
0,0,0,0,-1.2966,-0.581529,-2.3727,-5.31297,-1.24428,10.4776,1.24428,10.4776,2.3727,-5.31297,1.2966,-0.581529,0,0,0,0,0,0,0,0,-0.291852,-0.235214,-1.17525,-0.736242,-0.913419,-3.94098,0.913419,-3.94098,1.17525,-0.736243,0.291852,-0.235214,0,0,0,0,1.13971,-0.324584,1.53375,-4.3317,0.553192,0.274121,-0.553192,0.274119,-1.53375,-4.3317,-1.13971,-0.324584,0.802404,-0.255414,1.65234,-2.0955,0.94775,-6.7498,-0.94775,-6.7498,-1.65234,-2.0955,-0.802404,-0.255414
0,0,0,0,-1.3622,-0.617951,-2.34283,-5.25432,-1.16502,10.7235,1.16502,10.7235,2.34283,-5.25432,1.3622,-0.617951,0,0,0,0,0,0,0,0,-0.323767,-0.253787,-1.24759,-0.808621,-0.958153,-4.17306,0.958153,-4.17306,1.24759,-0.808621,0.323767,-0.253787,0,0,0,0,1.18806,-0.350465,1.4541,-4.39234,0.439987,0.524969,-0.439987,0.524966,-1.4541,-4.39234,-1.18806,-0.350465,0.850883,-0.275612,1.65995,-2.22027,0.917123,-6.73329,-0.917123,-6.73329,-1.65995,-2.22027,-0.850883,-0.275612
0,0,0,0,-1.42719,-0.65524,-2.30599,-5.18272,-1.08031,10.9334,1.08031,10.9334,2.30599,-5.18272,1.42719,-0.65524,0,0,0,0,0,0,0,0,-0.358121,-0.273351,-1.3213,-0.885949,-1.0023,-4.40826,1.0023,-4.40826,1.32129,-0.885949,0.358121,-0.273351,0,0,0,0,1.23445,-0.377653,1.36677,-4.44657,0.321768,0.774292,-0.321768,0.77429,-1.36677,-4.44657,-1.23445,-0.377653,0.900054,-0.29683,1.66366,-2.34702,0.882607,-6.70262,-0.882607,-6.70262,-1.66366,-2.34702,-0.900054,-0.29683
0,0,0,0,-1.49122,-0.693333,-2.26223,-5.09854,-0.990505,11.108,0.990505,11.108,2.26223,-5.09854,1.49122,-0.693333,0,0,0,0,0,0,0,0,-0.394991,-0.293933,-1.39617,-0.968359,-1.04564,-4.64585,1.04564,-4.64585,1.39617,-0.968359,0.394991,-0.293933,0,0,0,0,1.2785,-0.40616,1.27196,-4.49418,0.199092,1.0219,-0.199092,1.0219,-1.27196,-4.49418,-1.2785,-0.40616,0.94975,-0.319083,1.66336,-2.47544,0.844267,-6.65799,-0.844267,-6.65799,-1.66336,-2.47544,-0.94975,-0.319083
0,0,0,0,-1.55397,-0.732164,-2.21165,-5.00219,-0.896021,11.2478,0.896021,11.2478,2.21165,-5.00219,1.55397,-0.732164,0,0,0,0,0,0,0,0,-0.434451,-0.315558,-1.47201,-1.05597,-1.08792,-4.8851,1.08792,-4.8851,1.47201,-1.05597,0.434451,-0.315558,0,0,0,0,1.31983,-0.435997,1.16992,-4.53501,0.0725431,1.26753,-0.0725429,1.26753,-1.16992,-4.53501,-1.31983,-0.435997,0.999792,-0.34238,1.65894,-2.60516,0.802184,-6.59969,-0.802184,-6.59969,-1.65894,-2.60516,-0.999792,-0.34238
0,0,0,0,-1.61506,-0.771664,-2.15434,-4.89413,-0.797275,11.3534,0.797275,11.3534,2.15434,-4.89413,1.61506,-0.771664,0,0,0,0,0,0,0,0,-0.476564,-0.338253,-1.54859,-1.14889,-1.12891,-5.12523,1.12891,-5.12523,1.54859,-1.14889,0.476564,-0.338253,0,0,0,0,1.35803,-0.467167,1.06093,-4.56889,-0.0572701,1.51086,0.0572703,1.51085,-1.06093,-4.56889,-1.35803,-0.467167,1.04999,-0.366734,1.65031,-2.73584,0.756455,-6.52802,-0.756455,-6.52802,-1.65031,-2.73584,-1.04999,-0.366734
0,0,0,0,-1.67415,-0.811763,-2.09044,-4.77486,-0.694712,11.4256,0.694712,11.4256,2.09044,-4.77486,1.67415,-0.811763,0,0,0,0,0,0,0,0,-0.521384,-0.362043,-1.6257,-1.24721,-1.16837,-5.36545,1.16837,-5.36545,1.6257,-1.24721,0.521384,-0.362043,0,0,0,0,1.39273,-0.499673,0.945271,-4.59568,-0.189716,1.75152,0.189716,1.75152,-0.945271,-4.59568,-1.39273,-0.499673,1.10015,-0.392149,1.63739,-2.86711,0.707192,-6.44334,-0.707192,-6.44334,-1.63739,-2.86711,-1.10015,-0.392149
0,0,0,0,-1.73088,-0.852388,-2.0201,-4.64492,-0.588794,11.465,0.588794,11.465,2.0201,-4.64492,1.73088,-0.852388,0,0,0,0,0,0,0,0,-0.568958,-0.386955,-1.70309,-1.35099,-1.20606,-5.60491,1.20606,-5.60491,1.70309,-1.35099,0.568958,-0.386955,0,0,0,0,1.42352,-0.533513,0.823288,-4.61525,-0.324147,1.98911,0.324147,1.98911,-0.823288,-4.61525,-1.42352,-0.533513,1.15005,-0.418633,1.62009,-2.99859,0.654522,-6.34607,-0.654522,-6.34607,-1.62009,-2.99859,-1.15005,-0.418633
0,0,0,0,-1.78489,-0.893464,-1.9435,-4.50489,-0.479996,11.4724,0.479996,11.4724,1.9435,-4.50489,1.78489,-0.893463,0,0,0,0,0,0,0,0,-0.619319,-0.413013,-1.78051,-1.46028,-1.24174,-5.84277,1.24174,-5.84277,1.78051,-1.46028,0.619319,-0.413013,0,0,0,0,1.45002,-0.56868,0.695335,-4.62748,-0.459899,2.2232,0.459899,2.22319,-0.695335,-4.62748,-1.45002,-0.56868,1.19949,-0.446188,1.59836,-3.1299,0.598587,-6.23664,-0.598587,-6.23665,-1.59836,-3.1299,-1.19949,-0.446188
0,0,0,0,-1.83581,-0.934915,-1.86084,-4.35538,-0.368807,11.4486,0.368807,11.4486,1.86084,-4.35538,1.83581,-0.934915,0,0,0,0,0,0,0,0,-0.67249,-0.440242,-1.85772,-1.57512,-1.27518,-6.07817,1.27518,-6.07817,1.85772,-1.57512,0.67249,-0.440242,0,0,0,0,1.47185,-0.605163,0.561797,-4.63226,-0.596299,2.45333,0.596299,2.45332,-0.561797,-4.63226,-1.47185,-0.605163,1.24822,-0.474816,1.57214,-3.26063,0.539542,-6.11555,-0.539542,-6.11555,-1.57214,-3.26063,-1.24822,-0.474816
0,0,0,0,-1.88328,-0.976666,-1.77233,-4.19704,-0.255727,11.3944,0.255726,11.3944,1.77233,-4.19704,1.88328,-0.976666,0,0,0,0,0,0,0,0,-0.728481,-0.468666,-1.93444,-1.6955,-1.30615,-6.31022,1.30615,-6.31022,1.93444,-1.6955,0.728481,-0.468666,0,0,0,0,1.48862,-0.642948,0.423084,-4.62953,-0.732668,2.67903,0.732668,2.67903,-0.423084,-4.62953,-1.48862,-0.642948,1.29601,-0.504514,1.54138,-3.39041,0.477557,-5.98332,-0.477557,-5.98332,-1.54138,-3.39041,-1.29601,-0.504514
0,0,0,0,-1.92697,-1.01864,-1.67822,-4.03052,-0.141258,11.311,0.141258,11.311,1.67822,-4.03052,1.92697,-1.01864,0,0,0,0,0,0,0,0,-0.787287,-0.498308,-2.01041,-1.82142,-1.33443,-6.53803,1.33443,-6.53803,2.01041,-1.82142,0.787287,-0.498308,0,0,0,0,1.49999,-0.682015,0.279627,-4.61921,-0.868324,2.89983,0.868324,2.89983,-0.279628,-4.61921,-1.49999,-0.682015,1.34263,-0.535279,1.50606,-3.51882,0.412814,-5.8405,-0.412814,-5.8405,-1.50606,-3.51882,-1.34263,-0.535279
0,0,0,0,-1.96651,-1.06076,-1.57877,-3.85653,-0.0259118,11.1992,0.0259118,11.1992,1.57877,-3.85653,1.96651,-1.06076,0,0,0,0,0,0,0,0,-0.848892,-0.52919,-2.08534,-1.95282,-1.3598,-6.7607,1.3598,-6.7607,2.08534,-1.95282,0.848892,-0.52919,0,0,0,0,1.5056,-0.722338,0.131882,-4.60126,-1.00259,3.11524,1.00259,3.11523,-0.131882,-4.60126,-1.5056,-0.722338,1.38781,-0.567105,1.46615,-3.64548,0.34551,-5.68768,-0.34551,-5.68768,-1.46615,-3.64548,-1.38781,-0.567105
0,0,0,0,-2.00158,-1.10295,-1.47426,-3.67578,0.0898027,11.0601,-0.0898027,11.0601,1.47426,-3.67578,2.00158,-1.10295,0,0,0,0,0,0,0,0,-0.913262,-0.561335,-2.15897,-2.08964,-1.38205,-6.97734,1.38205,-6.97734,2.15897,-2.08964,0.913262,-0.561335,0,0,0,0,1.50512,-0.763889,-0.0196794,-4.57565,-1.13478,3.32476,1.13478,3.32476,0.0196791,-4.57565,-1.50512,-0.763889,1.4313,-0.599983,1.42164,-3.76999,0.275852,-5.52549,-0.275852,-5.52549,-1.42164,-3.76999,-1.4313,-0.599983
0,0,0,0,-2.03185,-1.14514,-1.36498,-3.489,0.205376,10.895,-0.205376,10.895,1.36498,-3.489,2.03185,-1.14514,0,0,0,0,0,0,0,0,-0.980349,-0.594762,-2.231,-2.23179,-1.401,-7.18704,1.401,-7.18704,2.231,-2.23179,0.980349,-0.594762,0,0,0,0,1.49824,-0.806635,-0.174564,-4.54238,-1.26424,3.52792,1.26424,3.52791,0.174563,-4.54238,-1.49824,-0.806634,1.47284,-0.633902,1.37255,-3.89195,0.204059,-5.35455,-0.204059,-5.35455,-1.37255,-3.89195,-1.47284,-0.633902
0,0,0,0,-2.057,-1.18725,-1.25125,-3.29693,0.320305,10.705,-0.320305,10.705,1.25125,-3.29693,2.057,-1.18725,0,0,0,0,0,0,0,0,-1.05009,-0.629491,-2.30115,-2.37913,-1.41644,-7.3889,1.41644,-7.3889,2.30115,-2.37913,1.05009,-0.629491,0,0,0,0,1.48466,-0.850535,-0.332264,-4.50145,-1.39031,3.72421,1.39031,3.72421,0.332264,-4.50145,-1.48466,-0.850535,1.51216,-0.668849,1.31889,-4.01098,0.130359,-5.17554,-0.130359,-5.17554,-1.31889,-4.01098,-1.51216,-0.668849
0,0,0,0,-2.07675,-1.22921,-1.1334,-3.10032,0.43409,10.4915,-0.43409,10.4915,1.1334,-3.10032,2.07675,-1.22921,0,0,0,0,0,0,0,0,-1.1224,-0.66554,-2.36913,-2.53152,-1.42822,-7.58205,1.42822,-7.58205,2.36913,-2.53152,1.1224,-0.66554,0,0,0,0,1.46412,-0.895546,-0.492258,-4.4529,-1.51236,3.91316,1.51236,3.91316,0.492258,-4.4529,-1.46412,-0.895546,1.549,-0.704808,1.26069,-4.12669,0.0549931,-4.98914,-0.0549931,-4.98914,-1.26069,-4.12669,-1.549,-0.704808
0,0,0,0,-2.09081,-1.27095,-1.01177,-2.89992,0.546244,10.2557,-0.546244,10.2557,1.01177,-2.89992,2.09081,-1.27095,0,0,0,0,0,0,0,0,-1.19717,-0.702925,-2.43465,-2.68877,-1.43617,-7.76561,1.43618,-7.76561,2.43465,-2.68877,1.19717,-0.702925,0,0,0,0,1.43637,-0.941619,-0.654013,-4.39678,-1.62977,4.09429,1.62977,4.09429,0.654013,-4.39678,-1.43637,-0.941619,1.58308,-0.74176,1.198,-4.23873,-0.0217915,-4.79606,0.0217915,-4.79606,-1.198,-4.23873,-1.58308,-0.74176
0,0,0,0,-2.09892,-1.31239,-0.886722,-2.6965,0.65629,9.99894,-0.656291,9.99894,0.886722,-2.6965,2.09892,-1.31239,0,0,0,0,0,0,0,0,-1.27431,-0.741661,-2.49742,-2.85068,-1.44016,-7.93874,1.44016,-7.93874,2.49742,-2.85068,1.27431,-0.741661,0,0,0,0,1.40119,-0.9887,-0.816985,-4.33315,-1.74195,4.26714,1.74195,4.26714,0.816985,-4.33315,-1.40119,-0.9887,1.61413,-0.779684,1.13087,-4.34672,-0.0997384,-4.597,0.0997384,-4.597,-1.13087,-4.34672,-1.61413,-0.779684
0,0,0,0,-2.10084,-1.35348,-0.758627,-2.49081,0.763768,9.72275,-0.763768,9.72276,0.758627,-2.49081,2.10084,-1.35348,0,0,0,0,0,0,0,0,-1.35365,-0.78176,-2.55715,-3.017,-1.44006,-8.10059,1.44006,-8.10059,2.55715,-3.017,1.35365,-0.78176,0,0,0,0,1.35841,-1.03673,-0.980624,-4.26212,-1.84833,4.43125,1.84833,4.43125,0.980624,-4.26212,-1.35841,-1.03673,1.64188,-0.818558,1.05939,-4.45032,-0.178584,-4.3927,0.178584,-4.3927,-1.05939,-4.45032,-1.64188,-0.818558
0,0,0,0,-2.09637,-1.39415,-0.627864,-2.2836,0.868231,9.42853,-0.868231,9.42854,0.627864,-2.2836,2.09637,-1.39415,0,0,0,0,0,0,0,0,-1.43506,-0.823233,-2.61357,-3.18747,-1.43575,-8.25036,1.43575,-8.25036,2.61357,-3.18747,1.43506,-0.823233,0,0,0,0,1.30785,-1.08565,-1.14437,-4.1838,-1.94838,4.58619,1.94838,4.58618,1.14437,-4.1838,-1.30785,-1.08565,1.66606,-0.858356,0.983635,-4.5492,-0.25806,-4.18388,0.25806,-4.18388,-0.983635,-4.5492,-1.66606,-0.858356
0,0,0,0,-2.0853,-1.43434,-0.494822,-2.0756,0.969253,9.11776,-0.969253,9.11776,0.494822,-2.0756,2.0853,-1.43434,0,0,0,0,0,0,0,0,-1.51836,-0.866089,-2.66638,-3.36177,-1.42715,-8.38728,1.42715,-8.38728,2.66638,-3.36177,1.51836,-0.866089,0,0,0,0,1.24941,-1.13538,-1.30767,-4.09831,-2.0416,4.73152,2.0416,4.73152,1.30767,-4.09831,-1.24941,-1.13538,1.6864,-0.89905,0.903711,-4.64304,-0.337891,-3.97128,0.337891,-3.97128,-0.903711,-4.64304,-1.6864,-0.89905
0,0,0,0,-2.06747,-1.47399,-0.359898,-1.86756,1.06643,8.79192,-1.06643,8.79193,0.359899,-1.86756,2.06747,-1.47399,0,0,0,0,0,0,0,0,-1.60336,-0.910333,-2.71531,-3.53958,-1.41419,-8.5106,1.41419,-8.5106,2.71531,-3.53958,1.60336,-0.910332,0,0,0,0,1.18299,-1.18586,-1.46997,-4.00581,-2.12752,4.86685,2.12752,4.86684,1.46997,-4.00581,-1.18299,-1.18586,1.70263,-0.940609,0.819735,-4.73154,-0.417798,-3.75564,0.417798,-3.75564,-0.819735,-4.73154,-1.70263,-0.940609
0,0,0,0,-2.04274,-1.51305,-0.223498,-1.66017,1.15938,8.45254,-1.15938,8.45255,0.223498,-1.66017,2.04274,-1.51305,0,0,0,0,0,0,0,0,-1.68984,-0.955967,-2.76011,-3.72053,-1.39681,-8.61962,1.39681,-8.61962,2.76011,-3.72053,1.68984,-0.955967,0,0,0,0,1.10855,-1.237,-1.63069,-3.90648,-2.20571,4.99177,2.20571,4.99177,1.63069,-3.90648,-1.10855,-1.237,1.71451,-0.983002,0.731835,-4.81441,-0.497501,-3.53769,0.497501,-3.5377,-0.731835,-4.81441,-1.71451,-0.983002
0,0,0,0,-2.01101,-1.55146,-0.0860289,-1.45413,1.24774,8.10114,-1.24774,8.10115,0.0860294,-1.45413,2.01101,-1.55146,0,0,0,0,0,0,0,0,-1.77757,-1.00299,-2.80049,-3.90424,-1.37498,-8.71366,1.37498,-8.71366,2.80049,-3.90424,1.77757,-1.00299,0,0,0,0,1.02606,-1.28873,-1.7893,-3.80051,-2.27579,5.10594,2.27579,5.10593,1.78929,-3.80051,-1.02606,-1.28873,1.72177,-1.02619,0.640158,-4.8914,-0.576715,-3.31817,0.576715,-3.31817,-0.640158,-4.8914,-1.72177,-1.02619
0,0,0,0,-1.9722,-1.58918,0.0520959,-1.25012,1.33119,7.73925,-1.33119,7.73925,-0.0520954,-1.25012,1.9722,-1.58917,0,0,0,0,0,0,0,0,-1.86631,-1.05141,-2.83622,-4.09029,-1.3487,-8.7921,1.3487,-8.7921,2.83622,-4.09029,1.86631,-1.05141,0,0,0,0,0.935567,-1.34095,-1.94523,-3.68811,-2.33741,5.20899,2.33741,5.20899,1.94523,-3.68811,-0.935567,-1.34095,1.72417,-1.07015,0.544861,-4.96225,-0.655158,-3.09779,0.655158,-3.09779,-0.544861,-4.96225,-1.72417,-1.07015
0,0,0,0,-1.92625,-1.62615,0.190462,-1.04877,1.40941,7.36838,-1.40941,7.36839,-0.190462,-1.04877,1.92625,-1.62615,0,0,0,0,0,0,0,0,-1.95579,-1.1012,-2.86705,-4.27823,-1.31797,-8.85437,1.31797,-8.85437,2.86705,-4.27823,1.95579,-1.1012,0,0,0,0,0.837124,-1.39358,-2.09795,-3.56951,-2.39028,5.30062,2.39028,5.30062,2.09795,-3.56951,-0.837125,-1.39358,1.72148,-1.11482,0.446115,-5.02675,-0.732544,-2.87727,0.732544,-2.87727,-0.446116,-5.02675,-1.72148,-1.11482
0,0,0,0,-1.87315,-1.66236,0.328656,-0.850717,1.48214,6.99007,-1.48214,6.99007,-0.328655,-0.850718,1.87315,-1.66236,0,0,0,0,0,0,0,0,-2.04572,-1.15237,-2.89275,-4.46757,-1.28281,-8.89994,1.28281,-8.89994,2.89275,-4.46757,2.04572,-1.15237,0,0,0,0,0.73084,-1.44652,-2.24694,-3.44498,-2.43415,5.38053,2.43415,5.38052,2.24694,-3.44498,-0.730841,-1.44652,1.71346,-1.16018,0.344108,-5.0847,-0.808593,-2.6573,0.808593,-2.6573,-0.344108,-5.0847,-1.71346,-1.16018
0,0,0,0,-1.81292,-1.69774,0.466263,-0.656537,1.54913,6.60581,-1.54913,6.60581,-0.466262,-0.656538,1.81292,-1.69774,0,0,0,0,0,0,0,0,-2.1358,-1.20489,-2.91309,-4.65783,-1.2433,-8.92833,1.2433,-8.92833,2.91309,-4.65783,2.1358,-1.20489,0,0,0,0,0.616863,-1.49967,-2.39167,-3.31478,-2.4688,5.44845,2.4688,5.44844,2.39167,-3.31478,-0.616863,-1.49967,1.69992,-1.20618,0.239037,-5.13592,-0.883024,-2.43857,0.883025,-2.43857,-0.239037,-5.13592,-1.69992,-1.20618
0,0,0,0,-1.74561,-1.73227,0.602871,-0.466789,1.61017,6.21708,-1.61017,6.21709,-0.602871,-0.46679,1.74561,-1.73227,0,0,0,0,0,0,0,0,-2.2257,-1.25875,-2.92787,-4.84848,-1.19948,-8.93912,1.19948,-8.93911,2.92787,-4.84848,2.2257,-1.25875,0,0,0,0,0.49538,-1.55293,-2.53164,-3.17921,-2.49409,5.50414,2.49409,5.50414,2.53164,-3.17921,-0.49538,-1.55293,1.68063,-1.25277,0.131113,-5.18027,-0.955564,-2.22173,0.955564,-2.22173,-0.131113,-5.18027,-1.68063,-1.25277
0,0,0,0,-1.6713,-1.76593,0.738075,-0.281996,1.66507,5.82535,-1.66507,5.82536,-0.738075,-0.281997,1.6713,-1.76593,0,0,0,0,0,0,0,0,-2.3151,-1.31393,-2.93689,-5.03896,-1.15147,-8.93194,1.15147,-8.93194,2.93689,-5.03896,2.3151,-1.31393,0,0,0,0,0.366621,-1.6062,-2.66636,-3.03856,-2.5099,5.5474,2.5099,5.5474,2.66636,-3.03856,-0.366622,-1.6062,1.65543,-1.29992,0.0205595,-5.21761,-1.02594,-2.00742,1.02594,-2.00742,-0.0205601,-5.21761,-1.65543,-1.29992
0,0,0,0,-1.59012,-1.79867,0.871473,-0.102643,1.71368,5.43204,-1.71368,5.43205,-0.871472,-0.102644,1.59012,-1.79867,0,0,0,0,0,0,0,0,-2.40365,-1.37039,-2.93999,-5.22872,-1.09937,-8.90649,1.09937,-8.90649,2.93999,-5.22872,2.40365,-1.37039,0,0,0,0,0.230859,-1.65937,-2.79538,-2.89318,-2.51618,5.57804,2.51618,5.57804,2.79538,-2.89318,-0.230859,-1.65937,1.62413,-1.34756,-0.0923876,-5.24783,-1.09389,-1.79627,1.09389,-1.79627,0.092387,-5.24783,-1.62413,-1.34756
0,0,0,0,-1.50221,-1.83048,1.00267,0.0708194,1.75589,5.03855,-1.75589,5.03856,-1.00267,0.0708183,1.50221,-1.83048,0,0,0,0,0,0,0,0,-2.49096,-1.42812,-2.93698,-5.41715,-1.04332,-8.86253,1.04332,-8.86253,2.93698,-5.41715,2.49096,-1.42812,0,0,0,0,0.0884052,-1.71232,-2.91824,-2.74339,-2.51292,5.59593,2.51292,5.59593,2.91824,-2.74339,-0.0884054,-1.71232,1.58659,-1.39566,-0.207482,-5.27087,-1.15916,-1.58887,1.15916,-1.58887,0.207482,-5.27087,-1.58659,-1.39566
0,0,0,0,-1.40777,-1.86134,1.13128,0.237984,1.79161,4.64623,-1.79161,4.64623,-1.13128,0.237983,1.40777,-1.86134,0,0,0,0,0,0,0,0,-2.57668,-1.48706,-2.92772,-5.60366,-0.983478,-8.79988,0.983478,-8.79988,2.92772,-5.60366,2.57668,-1.48706,0,0,0,0,-0.0603871,-1.76494,-3.03453,-2.58955,-2.50017,5.60096,2.50017,5.60096,3.03453,-2.58955,0.0603869,-1.76494,1.54266,-1.44417,-0.324468,-5.28667,-1.2215,-1.38577,1.2215,-1.38577,0.324467,-5.28667,-1.54266,-1.44417
0,0,0,0,-1.30701,-1.89123,1.25692,0.39848,1.82079,4.25638,-1.82079,4.25638,-1.25692,0.398479,1.30701,-1.89123,0,0,0,0,0,0,0,0,-2.6604,-1.54718,-2.91209,-5.78761,-0.920012,-8.71842,0.920013,-8.71841,2.91209,-5.78761,2.6604,-1.54718,0,0,0,0,-0.215125,-1.81712,-3.14384,-2.43205,-2.47801,5.59303,2.47801,5.59303,3.14384,-2.43205,0.215125,-1.81712,1.49224,-1.49302,-0.443076,-5.2952,-1.28066,-1.18751,1.28066,-1.18751,0.443076,-5.2952,-1.49224,-1.49302
0,0,0,0,-1.20019,-1.92013,1.37924,0.551982,1.8434,3.87026,-1.8434,3.87027,-1.37924,0.551981,1.20019,-1.92013,0,0,0,0,0,0,0,0,-2.74172,-1.60843,-2.88997,-5.96838,-0.853118,-8.61808,0.853118,-8.61808,2.88997,-5.96838,2.74172,-1.60843,0,0,0,0,-0.375378,-1.86875,-3.2458,-2.27125,-2.44659,5.57212,2.44659,5.57212,3.2458,-2.27125,0.375378,-1.86875,1.43521,-1.54217,-0.563033,-5.29646,-1.33644,-0.994595,1.33644,-0.994596,0.563032,-5.29646,-1.43521,-1.54217
0,0,0,0,-1.08759,-1.94803,1.49787,0.698201,1.85946,3.48908,-1.85946,3.48908,-1.49787,0.6982,1.08759,-1.94803,0,0,0,0,0,0,0,0,-2.82023,-1.67075,-2.86126,-6.1453,-0.783004,-8.4989,0.783004,-8.4989,2.86126,-6.1453,2.82023,-1.67075,0,0,0,0,-0.540676,-1.9197,-3.34006,-2.10757,-2.40609,5.53821,2.40609,5.53821,3.34006,-2.10757,0.540676,-1.9197,1.37152,-1.59157,-0.684053,-5.29046,-1.3886,-0.807492,1.3886,-0.807493,0.684052,-5.29046,-1.37152,-1.59157
0,0,0,0,-0.969546,-1.97492,1.61249,0.836895,1.86902,3.11397,-1.86902,3.11398,-1.61249,0.836894,0.969546,-1.97492,0,0,0,0,0,0,0,0,-2.89551,-1.73409,-2.82588,-6.31774,-0.709897,-8.36094,0.709898,-8.36094,2.82588,-6.31774,2.89551,-1.73409,0,0,0,0,-0.710515,-1.96985,-3.42632,-1.9414,-2.35675,5.49132,2.35675,5.49133,3.42632,-1.9414,0.710515,-1.96985,1.3011,-1.64115,-0.805844,-5.27726,-1.43694,-0.626635,1.43694,-0.626636,0.805843,-5.27726,-1.3011,-1.64115
0,0,0,0,-0.846396,-2.00079,1.72275,0.967862,1.87213,2.74604,-1.87213,2.74604,-1.72275,0.967861,0.846396,-2.00079,0,0,0,0,0,0,0,0,-2.96714,-1.79839,-2.78379,-6.48501,-0.63404,-8.20436,0.634041,-8.20435,2.78379,-6.48501,2.96714,-1.79839,0,0,0,0,-0.884354,-2.0191,-3.50428,-1.77317,-2.29885,5.43154,2.29885,5.43154,3.50428,-1.77317,0.884354,-2.0191,1.22392,-1.69087,-0.928107,-5.25691,-1.48128,-0.452424,1.48128,-0.452426,0.928106,-5.25691,-1.22392,-1.69087
0,0,0,0,-0.718525,-2.02563,1.82836,1.09094,1.86891,2.38628,-1.86892,2.38628,-1.82836,1.09094,0.718525,-2.02563,0,0,0,0,0,0,0,0,-3.03468,-1.86357,-2.73493,-6.64646,-0.555689,-8.02935,0.555689,-8.02935,2.73493,-6.64646,3.03467,-1.86357,0,0,0,0,-1.06162,-2.06731,-3.57369,-1.60331,-2.2327,5.35895,2.2327,5.35895,3.57369,-1.60331,1.06162,-2.06731,1.13999,-1.74066,-1.05054,-5.22952,-1.52144,-0.285223,1.52144,-0.285224,1.05054,-5.22952,-1.13999,-1.74066
0,0,0,0,-0.586343,-2.04944,1.92902,1.20602,1.85949,2.03567,-1.85949,2.03567,-1.92901,1.20602,0.586343,-2.04944,0,0,0,0,0,0,0,0,-3.09769,-1.92955,-2.6793,-6.80142,-0.475113,-7.83621,0.475113,-7.83621,2.6793,-6.80142,3.09769,-1.92955,0,0,0,0,-1.24172,-2.11437,-3.63433,-1.43226,-2.15868,5.27369,2.15868,5.27369,3.63433,-1.43226,1.24172,-2.11437,1.04931,-1.79047,-1.17283,-5.19519,-1.55726,-0.125356,1.55726,-0.125357,1.17282,-5.19518,-1.04931,-1.79047
0,0,0,0,-0.450288,-2.07222,2.02445,1.31301,1.84403,1.69507,-1.84403,1.69508,-2.02445,1.31301,0.450288,-2.07222,0,0,0,0,0,0,0,0,-3.15575,-1.99625,-2.61689,-6.94921,-0.392593,-7.62528,0.392593,-7.62528,2.61689,-6.94921,3.15575,-1.99625,0,0,0,0,-1.42401,-2.16017,-3.686,-1.26046,-2.07717,5.17593,2.07717,5.17594,3.686,-1.26046,1.42401,-2.16017,0.951946,-1.84025,-1.29466,-5.15405,-1.5886,0.0268893,1.5886,0.0268883,1.29466,-5.15405,-0.951946,-1.84025
